smiles_standarized,label,where,Class
CO[C@@]1(NC(=O)CSCC#N)C(=O)N2C(C(=O)O)=C(CSc3nnnn3C)CS[C@@H]21,1.0,['admetlab2'],Train
CN(C)C1C(=O)C(C(N)=O)C(=O)[C@@]2(O)C(=O)C3C(=O)c4c(O)ccc(Cl)c4[C@@](C)(O)[C@H]3C[C@@H]12,2.0,['admetlab2'],Train
CON=C(C(=O)NC1C(=O)N2C(C(=O)O)=C(CSc3nc(C)c(CC(=O)O)s3)CS[C@H]12)c1csc(N)n1,0.0,['admetlab2'],Train
NC(=O)c1ncn([C@@H]2O[C@H](CO)[C@@H](O)[C@H]2O)n1,5.0,['admetlab2'],Train
CCOC(Cc1ccc(OCCc2ccc(OS(C)(=O)=O)cc2)cc1)C(=O)O,0.0,['admetlab2'],Train
O=C(CCCN1CC=C(n2c(=O)[nH]c3ccccc32)CC1)c1ccc(F)cc1,8.0,['admetlab2'],Train
CC(C(=O)O)c1cccc(C(=O)c2ccccc2)c1,1.0,['admetlab2'],Train
CC1(C)OC2CC3C4CC=C5CC(=O)C=CC5(C)C4(F)C(O)CC3(C)C2(C(=O)CO)O1,9.0,['admetlab2'],Train
CN(CC(O)=NO)C(=O)C1CCCCC1C(=O)O,6.0,['admetlab2'],Train
CC1CNc2c(cccc2S(=O)(=O)NC(CCCN=C(N)N)C(=O)N2CCC(C)CC2C(=O)O)C1,5.0,['admetlab2'],Train
CN1C2CCCC1CC(NC(=O)c1nn(C)c3ccccc13)C2,9.0,['admetlab2'],Train
CN(C)C(=O)Oc1cccc([N+](C)(C)C)c1,9.0,['admetlab2'],Train
C[C@H]1COc2c(N3CCN(C)CC3)c(F)cc3c(=O)c(C(=O)O)cn1c23,1.0,['admetlab2'],Train
CC[C@H]1OC(=O)C(C)[C@@H](O[C@H]2C[C@@](C)(OC)[C@@H](O)[C@H](C)O2)[C@H](C)[C@@H](O[C@@H]2O[C@H](C)C[C@H](N(C)C)[C@H]2O)[C@](C)(O)CC(C)C(=O)C(C)[C@@H](O)[C@]1(C)O,5.0,['admetlab2'],Train
CC1COc2c(N3CCN(C)CC3)c(F)cc3c(=O)c(C(=O)O)cn1c23,2.0,['admetlab2'],Train
CC(O)C(CO)NC(=O)C1CSSCC(NC(=O)C(N)Cc2ccccc2)C(=O)NC(Cc2ccccc2)C(=O)NC(Cc2c[nH]c3ccccc23)C(=O)NC(CCCCN)C(=O)NC(C(C)O)C(=O)N1,2.0,['admetlab2'],Train
Nc1nc(Cl)nc2c1ncn2[C@H]1C[C@H](O)[C@@H](CO)O1,14.0,['admetlab2'],Train
CCC1=C[C@@H]2CN(CCc3c([nH]c4ccccc34)[C@@](C(=O)OC)(c3cc4c(cc3OC)N(C)[C@H]3[C@@](O)(C(=O)OC)[C@H](OC(C)=O)[C@]5(CC)C=CCN6CC[C@]43[C@@H]65)C2)C1,12.0,['admetlab2'],Train
O=C(NC(CO)C(O)c1ccc([N+](=O)[O-])cc1)C(Cl)Cl,2.0,['admetlab2'],Train
CC(=O)NC1C(N=C(N)N)C=C(C(=O)O)OC1C(O)C(O)CO,1.0,['admetlab2'],Train
COCCN1CCN(Cc2ccc(-c3[nH]nc4c3C(=O)c3c(NC(=O)NN5CCOCC5)cccc3-4)cc2)CC1,11.0,['admetlab2'],Train
Cc1nc2n(c(=O)c1CCN1CCC(c3noc4cc(F)ccc34)CC1)CCCC2,5.0,['admetlab2'],Train
O[C@@H]1[C@@H](O)[C@@H](O)OC[C@H]1O,2.0,['admetlab2'],Train
CNC(=O)c1cnn(-c2nc(N)c3ncn([C@@H]4O[C@H](CO)[C@@H](O)[C@H]4O)c3n2)c1,7.0,['admetlab2'],Train
C[C@H]1COc2c(N3CCN(C)CC3)c(F)c(N)c3c(=O)c(C(=O)O)cn1c23,2.0,['admetlab2'],Train
C[C@@H]1C=C2CC(=O)CCC2[C@H]2CC[C@]3(C)[C@@H](O)CC[C@H]3[C@H]12,20.0,['admetlab2'],Train
CCC(=O)O[C@H](CC(=O)[O-])C[N+](C)(C)C,2.0,['admetlab2'],Train
CCOc1ccccc1OCCN[C@H](C)Cc1ccc(OC)c(S(N)(=O)=O)c1,0.0,['admetlab2'],Train
CN1[C@@H]2CC[C@H]1CC(OC(=O)C(CO)c1ccccc1)C2,7.0,['admetlab2'],Train
CC(=O)N[C@H]1[C@H](O[C@@H]2c3ccc(c(Cl)c3)Oc3cc4cc(c3O[C@@H]3O[C@H](CO)[C@H](O)[C@H](O)[C@H]3NC(=O)CCCCCCCC(C)C)Oc3ccc(cc3Cl)CC3NC(=O)C(N)c5ccc(O)c(c5)Oc5cc(O)cc(c5)C(NC3=O)C(=O)NC4C(=O)NC3C(=O)NC2C(=O)NC(C(=O)O)c2cc(O)cc(O[C@H]4O[C@H](CO)[C@@H](O)[C@H](O)[C@@H]4O)c2-c2cc3ccc2O)O[C@H](CO)[C@@H](O)[C@@H]1O,0.0,['admetlab2'],Train
Cc1c(Cl)cccc1Nc1ccccc1C(=O)O,2.0,['admetlab2'],Train
CN1CC[C@]23c4c5ccc(O)c4O[C@H]2[C@@H](O[C@@H]2OC(C(=O)O)[C@@H](O)[C@H](O)[C@H]2O)C=C[C@H]3[C@H]1C5,2.0,['admetlab2'],Train
CN[C@@H]1C[C@H]2OC(C)([C@@H]1OC)n1c3ccccc3c3c4c(c5c6ccccc6n2c5c31)C(=O)N[C@@H]4O,0.0,['admetlab2'],Train
C[C@]12C=CC(=O)C=C1CC[C@@H]1[C@@H]2[C@@H](O)C[C@@]2(C)[C@H]1CC[C@]2(O)C(=O)CO,2.0,['admetlab2'],Train
Cc1cc(OC[C@H](O)CNC(C)C)c(C)c(C)c1O,16.0,['admetlab2'],Train
C[C@@H](OC[C@@]1(c2ccccc2)CC[C@]2(CCC(=O)N2)CN1)c1cc(C(F)(F)F)cc(C(F)(F)F)c1,0.0,['admetlab2'],Train
CN1CCN(C2=Nc3cc(Cl)ccc3Nc3ccccc32)CC1,2.0,['admetlab2'],Train
C[N+]1(C)CCC(OC(=O)C(O)(c2ccccc2)C2CCCC2)C1,16.0,['admetlab2'],Train
CCC(C)(C)NCC(O)COc1ccccc1C(=O)CCc1ccccc1,11.0,['admetlab2'],Train
CCOc1nc2cccc(C(=O)O)c2n1Cc1ccc(-c2ccccc2-c2nn[nH]n2)cc1,0.0,['admetlab2'],Train
Nc1nc(C(=NO)C(=O)NC2C(=O)N3C(C(=O)O)=C(C=C4CCN(CC(F)(F)F)C4=O)CS[C@H]23)cs1,0.0,['admetlab2'],Train
CC(C)(C)S(=O)(=O)CC(Cc1ccccc1)C(=O)NC(Cc1c[nH]cn1)C(=O)N[C@@H](CC1CCCCC1)[C@@H](O)C(O)C1CC1,11.0,['admetlab2'],Train
O=C(O)c1ccc(-n2nc(-c3ccccc3O)nc2-c2ccccc2O)cc1,0.0,['admetlab2'],Train
CC1=C(C(=O)O)N2C(=O)C(NC(=O)C(N)c3ccc(O)cc3)C2SC1,2.0,['admetlab2'],Train
CN[C@@H]1[C@H](O)[C@H](NC)[C@H]2O[C@@]3(O)C(=O)C[C@@H](C)O[C@H]3O[C@@H]2[C@H]1O,0.0,['admetlab2'],Train
CN1CCC(c2c(O)cc(O)c3c(=O)cc(-c4ccccc4Cl)oc23)C(O)C1,6.0,['admetlab2'],Train
N#Cc1ccc2c(c1)CN(S(=O)(=O)c1cccs1)[C@H](Cc1ccccc1)CN2Cc1c[nH]cn1,9.0,['admetlab2'],Train
CC1(C)SC2C(NC(=O)C(NC(=O)c3c[nH]c4cccnc4c3=O)c3ccccc3)C(=O)N2C1C(=O)O,1.0,['admetlab2'],Train
CC(=O)OCC1=C(C(=O)O)N2C(=O)C(NC(=O)CSc3ccncc3)C2SC1,2.0,['admetlab2'],Train
C[N+]1(CC2CC2)CCC23c4c5ccc(O)c4OC2C(=O)CCC3(O)C1C5,22.0,['admetlab2'],Train
CC(NC(CCc1ccccc1)C(=O)O)C(=O)N1Cc2ccccc2CC1C(=O)O,0.0,['admetlab2'],Train
CC(=N)N1CC[C@H](SC2=C(C(=O)O)N3C(=O)C([C@@H](C)O)[C@H]3C2)C1,2.0,['admetlab2'],Train
CCN1CC2CN(C)CC(C1)C2OC(=O)c1ccc(Cl)cc1,17.0,['admetlab2'],Train
CC(=O)OCC1=C(C(=O)O)N2C(=O)C(NC(=O)CSc3ccncc3)[C@H]2SC1,2.0,['admetlab2'],Train
N=C(N)c1ccc(CNC(=O)C2CCN2C(=O)C(NCC(=O)O)C2CCCCC2)cc1,1.0,['admetlab2'],Train
CN1CCCC(n2nc(Cc3ccc(Cl)cc3)c3ccccc3c2=O)CC1,9.0,['admetlab2'],Train
CC[C@]1(O)C[C@@H]2CN(CCc3c([nH]c4ccccc34)[C@@](C(=O)OC)(c3cc4c(cc3OC)N(C=O)[C@H]3[C@@](O)(C(=O)OC)[C@H](OC(C)=O)[C@]5(CC)C=CCN6CC[C@]43[C@@H]65)C2)C1,2.0,['admetlab2'],Train
CN[C@@H]1[C@@H](O)[C@@H](O[C@@H]2[C@@H](O)[C@H](O[C@H]3OC(CN)=CC[C@H]3N)[C@@H](N)C[C@H]2N)OC[C@]1(C)O,1.0,['admetlab2'],Train
CC(O)C1C(=O)N2C(C(=O)O)=C(SC3CCC(C(=O)N(C)C)N3)C(C)C12,3.0,['admetlab2'],Train
CC(C)(C)C(NC(=O)C(CC1CCCC1)CN(O)C=O)C(=O)N1CCN(Cc2ccc3c(c2)OCO3)CC1,3.0,['admetlab2'],Train
CC1(C)S[C@@H]2C(NC(=O)C(N)c3ccc(O)cc3)C(=O)N2C1C(=O)O,3.0,['admetlab2'],Train
CC1(C)S[C@@H]2C(NC(=O)C(C(=O)O)c3ccsc3)C(=O)N2C1C(=O)O,1.0,['admetlab2'],Train
C=CCN1CCC23c4c5ccc(O)c4OC2C(=O)CCC3(O)C1C5,23.0,['admetlab2'],Train
O=C1c2ccccc2S(=O)(=O)N1CCCCNC[C@H]1CCc2ccccc2O1,2.0,['admetlab2'],Train
CC1CC2C3CC=C4CC(=O)C=CC4(C)C3(F)C(O)CC2(C)C1(O)C(=O)CO,3.0,['admetlab2'],Train
N[C@@]1(C(=O)O)CS(=O)(=O)[C@H]2C(C(=O)O)[C@H]21,2.0,['admetlab2'],Train
O=C(O[C@H]1CN2CCC1CC2)N1CCc2ccccc2[C@@H]1c1ccccc1,2.0,['admetlab2'],Train
CCn1cc(C(=O)O)c(=O)c2cc(F)c(N3CCNCC3)nc21,5.0,['admetlab2'],Train
CC(O)C1C(=O)N2C(C(=O)O)=C(SC3CNC(C(=O)Nc4cccc(C(=O)O)c4)C3)C(C)C12,0.0,['admetlab2'],Train
COC(=O)O[C@@]12CO[C@@H]1C[C@H](O)[C@@]1(C)C(=O)C(OC(C)=O)=C3C(C)[C@@H](OC(=O)C(O)C(NC(=O)c4ccccc4)c4ccccc4)C[C@@](O)([C@@H](OC(=O)c4ccccc4)[C@H]21)C3(C)C,8.0,['admetlab2'],Train
c1ccc(CN(CC2=NCCN2)c2ccccc2)cc1,19.0,['admetlab2'],Train
CC(Oc1ccccc1)C(=O)NC1C(=O)N2C(C(=O)O)C(C)(C)S[C@H]12,4.0,['admetlab2'],Train
COc1ccc2c3c1OC1C(=O)CCC4(O)C(C2)N(C)CCC314,6.0,['admetlab2'],Train
C#C[C@]1(O)CC[C@H]2[C@@H]3CC=C4CC(=O)CCC4[C@H]3C(=C)C[C@@]21CC,2.0,['admetlab2'],Train
C[C@@H](O)C1C(=O)N2C(C(=O)O)=C(COC(N)=O)S[C@H]12,7.0,['admetlab2'],Train
CNC(CC(C)C)C(=O)NC1C(=O)NC(CC(N)=O)C(=O)NC2C(=O)NC3C(=O)NC(C(=O)NC(C(=O)O)c4cc(O)cc(O)c4-c4cc3ccc4O)[C@H](O[C@H]3C[C@](C)(N)[C@@H](O)[C@H](C)O3)c3ccc(c(Cl)c3)Oc3cc2cc(c3O[C@@H]2O[C@H](CO)[C@@H](O)[C@H](O)[C@H]2O[C@H]2C[C@](C)(NCc3ccc(-c4ccc(Cl)cc4)cc3)[C@@H](O)[C@H](C)O2)Oc2ccc(cc2Cl)[C@H]1O,0.0,['admetlab2'],Train
CCCC1CC(C(=O)NC(C(C)Cl)C2OC(SC)C(O)C(O)C2O)N(C)C1,4.0,['admetlab2'],Train
NCC1(CC(=O)O)CCCCC1,1.0,['admetlab2'],Train
CC(=O)O[C@H]1C[C@@H]2CC[C@@H]3[C@H](CC[C@@]4(C)[C@H]3C[C@H]([N+]3(C)CCCCC3)[C@@H]4OC(C)=O)[C@@]2(C)C[C@@H]1N1CCCCC1,4.0,['admetlab2'],Train
C[C@H]1O[C@@H](O[C@H]2[C@@H](O)C[C@H](O[C@H]3[C@@H](O)C[C@H](O[C@H]4CC[C@@]5(C)[C@H](CC[C@@H]6[C@@H]5CC[C@]5(C)[C@@H](C7=CC(=O)OC7)CC[C@]65O)C4)O[C@@H]3C)O[C@@H]2C)C[C@H](O)[C@@H]1O,0.0,['admetlab2'],Train
CCN(CC)CCCC(C)Nc1c2ccc(Cl)cc2nc2ccc(OC)cc12,5.0,['admetlab2'],Train
C[C@@H](Oc1cc(-c2cnn(C3CCNCC3)c2)cnc1N)c1c(Cl)ccc(F)c1Cl,9.0,['admetlab2'],Train
CC1(C)C(/C=C\C=C\C=C/C=C2\N(CCCCS(=O)(=O)O)c3ccc4ccccc4c3C2(C)C)=[N+](CCCCS(=O)(=O)[O-])c2ccc3ccccc3c21,6.0,['admetlab2'],Train
CCOc1ccc2ccccc2c1C(=O)NC1C(=O)N2C1SC(C)(C)C2C(=O)O,3.0,['admetlab2'],Train
CCCC(NC(C)C(=O)N1C(C(=O)O)C[C@@H]2CCCC[C@@H]21)C(=O)O,1.0,['admetlab2'],Train
CCC(CO)NCCNC(CC)CO,10.0,['admetlab2'],Train
CON=C(C(=O)NC1C(=O)N2C(C(=O)[O-])=C(C[N+]3(C)CCCC3)CS[C@H]12)c1csc(N)n1,2.0,['admetlab2'],Train
CCn1cc(C(=O)O)c(=O)c2cc(F)c(N3CCNCC3)cc21,6.0,['admetlab2'],Train
CC(O)C(=O)Nc1c(I)c(C(=O)NC(CO)CO)c(I)c(C(=O)NC(CO)CO)c1I,1.0,['admetlab2'],Train
CN1CC[C@]23c4c5ccc(O)c4O[C@H]2[C@@H](O)C=C[C@H]3[C@H]1C5,26.0,['admetlab2'],Train
CC[N+](C)(C)c1cccc(O)c1,9.0,['admetlab2'],Train
COCc1c(-c2ccc(F)cc2)c(=CCC(O)CC(O)CC(=O)O)c(C(C)C)nc1=C(C)C,2.0,['admetlab2'],Train
CC(/C=C/C(C)C(C)(C)O)C1CCC2/C(=C/C=C3CC(O)CC(O)C3)CCCC21C,0.0,['admetlab2'],Train
COc1ccc2c(c1)N(C[C@H](C)CN(C)C)c1ccccc1S2,9.0,['admetlab2'],Train
CC(C)C1CCC(C(=O)NC(Cc2ccccc2)C(=O)O)CC1,1.0,['admetlab2'],Train
CN(C)N=Nc1[nH]cnc1C(N)=O,2.0,['admetlab2'],Train
CC(=O)NCC1CN(c2ccc(N3CCOCC3)c(F)c2)C(=O)O1,1.0,['admetlab2'],Train
COC(=O)C(c1ccccc1)[C@H]1CCCCN1,6.0,['admetlab2'],Train
CCOC(=O)C(CCc1ccccc1)NC(C)C(=O)N1Cc2cc(OC)c(OC)cc2CC1C(=O)O,6.0,['admetlab2'],Train
Nc1ccn(C2CSC(CO)O2)c(=O)n1,4.0,['admetlab2'],Train
C=CC1=C(C(=O)O)N2C(=O)C(=NC(=O)C(NOCC(=O)O)c3csc(N)n3)[C@H]2SC1,1.0,['admetlab2'],Train
COc1ccsc1CNCC[C@@]1(c2ccccn2)CCOC2(CCCC2)C1,6.0,['admetlab2'],Train
CN(Cc1cnc2nc(N)nc(N)c2n1)c1ccc(C(=O)NC(CCC(=O)O)C(=O)O)cc1,2.0,['admetlab2'],Train
O=C(O)C1N=C(c2ccccc2)c2cc(Cl)ccc2NC1=O,1.0,['admetlab2'],Train
CC(=O)N1CCN([C@H]2CCN(C(=O)N(C)[C@H](C)c3cc(C(F)(F)F)cc(C(F)(F)F)c3)[C@@H](c3ccc(F)cc3C)C2)CC1,3.0,['admetlab2'],Train
N#C[C@H]1CC2C[C@H]2N1C(=O)C(N)C12CC3CC(CC(O)(C3)C1)C2,7.0,['admetlab2'],Train
O=C(Cc1cccs1)NC1C(=O)N2C(C(=O)[O-])=C(C[n+]3ccccc3)CSC12,3.0,['admetlab2'],Train
CCC[C@@H]1CC(C(=O)N[C@@H]([C@H]2O[C@H](SC)[C@H](O)[C@@H](O)[C@H]2O)[C@@H](C)O)N(C)C1,2.0,['admetlab2'],Train
CN1C2CC(OC(=O)C(CO)c3ccccc3)CC1C1OC12,16.0,['admetlab2'],Train
C[C@H]1NCc2cc(-c3ccc4c(=O)c(C(=O)O)cn(C5CC5)c4c3OC(F)F)ccc21,1.0,['admetlab2'],Train
CN(C)CC/C=C1/c2ccccc2COc2ccccc21,14.0,['admetlab2'],Train
CCOC(=O)[C@]1(c2ccccc2)CCC=C[C@H]1NC,9.0,['admetlab2'],Train
C1COC(=NC(C2CC2)C2CC2)N1,7.0,['admetlab2'],Train
Cc1ccc(C(=O)N(CCCN)C(c2nc3snc(C)c3c(=O)n2Cc2ccccc2)C(C)C)cc1,5.0,['admetlab2'],Train
CCN1CCN(C(=O)NC(C(=O)NC2C(=O)N3C2SC(C)(C)C3C(=O)O)c2ccccc2)C(=O)C1=O,4.0,['admetlab2'],Train
CC(C)(C)NC(=O)C1CCC2C3C=CC4=CC(C(=O)O)CCC4(C)C3CCC12C,0.0,['admetlab2'],Train
CC(=O)N[C@H]1[C@H]([C@H](O)[C@H](O)CO)OC(C(=O)O)=C[C@@H]1N=C(N)N,1.0,['admetlab2'],Train
O=C(O)Cn1c(=O)c(=O)[nH]c2cc([N+](=O)[O-])c(-n3ccnc3)cc21,5.0,['admetlab2'],Train
CCN1CCN(C(=O)NC(C(=O)NC2C(=O)N3C(C(=O)O)C(C)(C)S[C@H]23)c2ccccc2)C(=O)C1=O,4.0,['admetlab2'],Train
Cc1noc(NS(=O)(=O)c2ccc(N)cc2)c1C,0.0,['admetlab2'],Train
C[C@@H](O)C1C(=O)N2C(C(=O)O)=C(S[C@H]3CC[S+]([O-])C3)S[C@@H]12,5.0,['admetlab2'],Train
COc1ccccc1N1CCN(CCCNc2cc(=O)n(C)c(=O)n2C)CC1,3.0,['admetlab2'],Train
CC1=C(C(=O)O)N2C(=O)C(NC(=O)C(N)c3ccc(O)cc3)[C@H]2SC1,2.0,['admetlab2'],Train
CC[N+]1(CC)CCC(=C(c2ccccc2)c2ccccc2)[C@@H]1C,12.0,['admetlab2'],Train
COc1ccc2c3c1OC1CC(O)C=CC31CCN(C)C2,5.0,['admetlab2'],Train
CCC1(O)C(=O)OCc2c1cc1n(c2=O)Cc2cc3c(CN(C)C)c(O)ccc3nc2-1,13.0,['admetlab2'],Train
COCC(=O)OC1(CCN(C)CCCc2nc3ccccc3[nH]2)CCc2cc(F)ccc2C1C(C)C,4.0,['admetlab2'],Train
COc1c(OCCCN2CCOCC2)ccc2c3n(c(=NC(=O)c4cnc(N)nc4)nc12)CCN3,6.0,['admetlab2'],Train
CCn1cc(C(=O)O)c(=O)c2cc(F)c(N3CCN[C@@H](C)C3)c(F)c21,3.0,['admetlab2'],Train
CN(C)C1C(=O)C(C(N)=O)C(=O)C2(O)C(=O)C3C(=O)c4c(O)cccc4C(C)(O)C3CC12,1.0,['admetlab2'],Train
CON=C(C(=O)NC1C(=O)N2C(C(=O)O)=CCSC12)c1csc(N)n1,2.0,['admetlab2'],Train
COc1ccccc1Oc1c(NS(=O)(=O)c2ccc(C(C)(C)C)cc2)nc(-c2ncccn2)nc1OCCO,2.0,['admetlab2'],Train
CC12C=CC(=O)C=C1CCC1C2C(O)CC2(C)C1CCC2(O)C(=O)CO,2.0,['admetlab2'],Train
O=C(O)CSc1nnc(Br)n1-c1ccc(C2CC2)c2ccccc12,1.0,['admetlab2'],Train
CN1CC(C(=O)N[C@]2(C)O[C@]3(O)[C@@H]4CCCN4C(=O)C(Cc4ccccc4)N3C2=O)C[C@@H]2c3cccc4[nH]cc(c34)C[C@H]21,15.0,['admetlab2'],Train
CC1(C)S[C@@H]2C(NC(=O)C(C(=O)O)c3ccccc3)C(=O)N2C1C(=O)O,1.0,['admetlab2'],Train
CCCCCNC(=O)c1coc(C2C3CCC(O3)C2Cc2ccccc2CCC(=O)O)n1,6.0,['admetlab2'],Train
CS(=O)(=O)N(CCO)c1c(Cl)c(Cl)cc2[nH]c(=O)c(=O)[nH]c12,6.0,['admetlab2'],Train
Nc1ccn([C@@H]2CS[C@H](CO)O2)c(=O)n1,4.0,['admetlab2'],Train
CC(=O)O[C@H]1C[C@@H]2CC[C@@H]3[C@H](CC[C@@]4(C)[C@H]3C[C@H]([N+]3(C)CCCCC3)[C@@H]4OC(C)=O)[C@@]2(C)C[C@@H]1[N+]1(C)CCCCC1,1.0,['admetlab2'],Train
COc1cc(Cc2cnc(N)nc2N)cc(OC)c1OC,2.0,['admetlab2'],Train
CN[C@@H]1[C@@H](O)[C@@H](O[C@@H]2[C@@H](O)[C@H](O[C@H]3OC(CNCCO)=CC[C@H]3N)[C@@H](N)C[C@H]2NC(=O)C(O)CCN)OC[C@]1(C)O,1.0,['admetlab2'],Train
CC(C)=CCN1Cc2cc(Cl)cc3[nH]c(=S)n(c23)C[C@@H]1C,10.0,['admetlab2'],Train
CC(C)NCC(O)c1cc(O)cc(O)c1,14.0,['admetlab2'],Train
CC[C@@]1(O)C(=O)OCc2c1cc1n(c2=O)Cc2c-1nc1ccc(O)cc1c2[Si](C)(C)C(C)(C)C,6.0,['admetlab2'],Train
CC(C)(C)c1nc(-c2cccc(NS(=O)(=O)c3c(F)cccc3F)c2F)c(-c2ccnc(N)n2)s1,2.0,['admetlab2'],Train
CNn1cc(C(=O)O)c(=O)c2cc(F)c(N3CCN(C)CC3)cc21,4.0,['admetlab2'],Train
CC(C)(C)NC[C@H](O)COc1nsnc1N1CCOCC1,8.0,['admetlab2'],Train
COCc1c(-c2ccc(F)cc2)c(=CC[C@@H](O)C[C@@H](O)CC(=O)O)c(C(C)C)nc1=C(C)C,2.0,['admetlab2'],Train
O=C(Cc1cccs1)NC1C(=O)N2C(C(=O)[O-])=C(C[n+]3ccccc3)CS[C@H]12,3.0,['admetlab2'],Train
O=C(O)C(CCc1ccccc1)NC1CCCN2CCCC(C(=O)O)N2C1=O,2.0,['admetlab2'],Train
COc1ccc(Cl)cc1[C@]1(F)C(=O)Nc2cc(C(F)(F)F)ccc21,15.0,['admetlab2'],Train
COc1ccc2c3c1O[C@H]1[C@@H](O)C=C[C@H]4[C@@H](C2)N(C)CC[C@@]341,15.0,['admetlab2'],Train
CC(C)(N)CC(=O)NC1CCc2ccccc2N(Cc2ccc(-c3ccccc3-c3nn[nH]n3)cc2)C1=O,3.0,['admetlab2'],Train
C#Cc1cccc(Nc2ncnc3cc(OC)c(OCCCCCCC(O)=NO)cc23)c1,11.0,['admetlab2'],Train
CON=C(C(=O)NC1C(=O)N2C(C(=O)O)=C(COC(N)=O)CS[C@H]12)c1ccco1,2.0,['admetlab2'],Train
CC(=N)N1CC[C@H](Oc2ccc(C(Cc3ccc4ccc(C(=N)N)cc4c3)C(=O)O)cc2)C1,1.0,['admetlab2'],Train
CC(=N)N1CCC(SC2=C(C(=O)O)N3C(=O)C(C(C)O)C3C2)C1,2.0,['admetlab2'],Train
CC1(C)S[C@@H]2C(NC(=O)C(NC(=O)N3CCN(/N=C/c4ccco4)C3=O)c3ccc(O)cc3)C(=O)N2C1C(=O)O,3.0,['admetlab2'],Train
Nc1cc(OCC2CC2)c(C(=O)NC2CN3CCC2CC3)cc1Cl,5.0,['admetlab2'],Train
Nc1ccncc1,9.0,['admetlab2'],Train
Cc1nnc(SCC2=C(C(=O)O)N3C(=O)C(NC(=O)C(O)c4ccccc4)[C@H]3SC2)s1,2.0,['admetlab2'],Train
COC(=O)C(Cc1cccc(C(=N)N)c1)[C@@H](C)NC(=O)c1ccc(-c2cc[n+]([O-])cc2)cc1,7.0,['admetlab2'],Train
CC12CCC3c4ccc(OC(=O)N(CCCl)CCCl)cc4CCC3C1CCC2OP(=O)(O)O,0.0,['admetlab2'],Train
Cc1[nH]c2ccccc2c1CCNCc1ccc(/C=C/C(O)=NO)cc1,10.0,['admetlab2'],Train
C[C@@H]1CN(C2CCC(C#N)(c3ccc(F)cc3)CC2)CC[C@]1(C(=O)O)c1ccccc1,0.0,['admetlab2'],Train
CC12CCC(=O)C=C1CCC1C2C(O)CC2(C)C1CCC2(O)C(=O)CO,5.0,['admetlab2'],Train
N=C(N)NCCCC1NC(=O)CCSSCC(C(N)=O)NC(=O)C2CCCN2C(=O)C(Cc2c[nH]c3ccccc23)NC(=O)C(CC(=O)O)NC(=O)CNC1=O,2.0,['admetlab2'],Train
C[C@H]1O[C@@H](O[C@H]2[C@@H](O)C[C@H](O[C@H]3[C@@H](O)C[C@H](O[C@H]4CC[C@@]5(C)[C@H](CC[C@@H]6[C@@H]5C[C@@H](O)[C@]5(C)[C@@H](C7=CC(=O)OC7)CC[C@]65O)C4)O[C@@H]3C)O[C@@H]2C)C[C@H](O)[C@@H]1O,1.0,['admetlab2'],Train
CCCCNc1cc(C(=O)O)cc(S(N)(=O)=O)c1Oc1ccccc1,2.0,['admetlab2'],Train
Cn1nnnc1SCC1=C(C(=O)O)N2C(=O)C(=NC(=O)C(NOCC(=O)O)c3cc[nH]n3)[C@H]2SC1,1.0,['admetlab2'],Train
CCn1cc(C(=O)O)c(=O)c2cnc(N3CCNCC3)nc21,2.0,['admetlab2'],Train
COc1cc(NS(C)(=O)=O)ccc1Nc1c2ccccc2nc2ccccc12,4.0,['admetlab2'],Train
C/C=C(\C)C(=O)O[C@H]1[C@H](OC(C)=O)[C@]2(CO)[C@H](O)C[C@]3(C)C(=CC[C@@H]4[C@@]5(C)CC[C@H](O[C@@H]6OC(C(=O)O)[C@@H](O[C@@H]7O[C@H](CO)[C@@H](O)[C@H](O)[C@H]7O)[C@H](O)[C@H]6O[C@@H]6O[C@H](CO)[C@@H](O)[C@H](O)[C@H]6O)[C@](C)(CO)[C@@H]5CC[C@]43C)[C@@H]2CC1(C)C,1.0,['admetlab2'],Train
C#CC1(O)CCC2C3CCc4cc(OS(=O)(=O)O)ccc4C3CCC21C,4.0,['admetlab2'],Train
CN(C)CC/C=C1/c2ccccc2Sc2ccc(Cl)cc21,11.0,['admetlab2'],Train
CCCCNC(=O)NS(=O)(=O)c1ccc(C)cc1,0.0,['admetlab2'],Train
O=C(C=Cc1c(C(=O)O)[nH]c2cc(Cl)cc(Cl)c12)Nc1ccccc1,0.0,['admetlab2'],Train
Cc1onc(-c2ccccc2)c1C(=O)NC1C(=O)N2C1SC(C)(C)C2C(=O)O,6.0,['admetlab2'],Train
C[C@H](O)C1C(=O)N2C(C(=O)O)=C(S[C@H]3CN[C@H](CNS(N)(=O)=O)C3)[C@@H](C)C12,3.0,['admetlab2'],Train
COc1cc2c3cc1Oc1cc(ccc1O)C[C@@H]1c4c(cc(OC)c(O)c4Oc4ccc(cc4)C[C@@H]3N(C)CC2)CC[N+]1(C)C,3.0,['admetlab2'],Train
C[C@@H](CN1CC(=O)NC(=O)C1)N1CC(=O)NC(=O)C1,3.0,['admetlab2'],Train
OC(CNCC(O)C1CCc2cc(F)ccc2O1)C1CCc2cc(F)ccc2O1,14.0,['admetlab2'],Train
CN(C)Cc1nnc2n1-c1ccc(Cl)cc1C(c1ccccc1)=NC2,6.0,['admetlab2'],Train
CC[C@H]1OC(=O)C(C)[C@@H](O[C@H]2C[C@@](C)(OC)[C@@H](O)[C@H](C)O2)[C@H](C)[C@@H](O[C@@H]2O[C@H](C)C[C@H](N(C)C)[C@H]2O)[C@](C)(OC)CC(C)C(=O)C(C)[C@@H](O)[C@]1(C)O,7.0,['admetlab2'],Train
CO[C@@]1(NC(=O)Cc2cccs2)C(=O)N2C(C(=O)O)=C(COC(N)=O)CS[C@@H]21,3.0,['admetlab2'],Train
C#C[C@]1(O)CC[C@H]2[C@@H]3CCc4cc(OS(=O)(=O)O)ccc4[C@H]3CC[C@@]21C,4.0,['admetlab2'],Train
CCCCCNC(=O)c1coc([C@H]2[C@@H](Cc3ccccc3CCC(=O)O)[C@@H]3CC[C@H]2O3)n1,6.0,['admetlab2'],Train
C=C1CC[C@@]2(O)[C@H]3Cc4ccc(O)c5c4[C@@]2(CCN3CC2CC2)[C@H]1O5,15.0,['admetlab2'],Train
CN(C)CCCN1c2ccccc2Sc2ccccc21,14.0,['admetlab2'],Train
CCC(O)(C(=O)O)c1cc2n(c(=O)c1CO)Cc1c-2nc2cc(F)c(C)c3c2c1C(N)CC3,0.0,['admetlab2'],Train
C[C@H](/C=C/[C@H](C)C(C)(C)O)[C@H]1CC[C@H]2/C(=C/C=C3C[C@@H](O)C[C@H](O)C3)CCC[C@]12C,0.0,['admetlab2'],Train
Nc1ccn([C@H]2CO[C@@H](CO)S2)c(=O)n1,3.0,['admetlab2'],Train
O=P(O)(O)C(Sc1ccc(Cl)cc1)P(=O)(O)O,0.0,['admetlab2'],Train
CO[C@@]1(NC(=O)C(C(=O)O)c2ccsc2)C(=O)N2C(C(=O)O)C(C)(C)S[C@@H]21,0.0,['admetlab2'],Train
CN(C)C1C(=O)C(C(=O)NCN2CCCC2)C(=O)[C@@]2(O)C(=O)C3C(=O)c4c(O)cccc4[C@@](C)(O)[C@H]3C[C@@H]12,0.0,['admetlab2'],Train
O=C(O)c1cccc(Cc2cc(Cl)ccc2OCc2ccc(Cl)cc2F)n1,2.0,['admetlab2'],Train
CC=CC1=C(C(=O)O)N2C(=O)C(NC(=O)C(N)c3ccc(O)cc3)[C@H]2SC1,2.0,['admetlab2'],Train
CCCC1OC2CC3C4CC=C5CC(=O)C=CC5(C)C4C(O)CC3(C)C2(C(=O)CO)O1,20.0,['admetlab2'],Train
CC(C)(F)CC(N[C@@H](c1ccc(-c2ccc(S(C)(=O)=O)cc2)cc1)C(F)(F)F)C(=O)NC1(C#N)CC1,0.0,['admetlab2'],Train
CNC[C@H](O)CC12CCC(c3ccccc31)c1ccccc12,14.0,['admetlab2'],Train
Nc1ccn([C@@H]2CO[C@H](CO)O2)c(=O)n1,2.0,['admetlab2'],Train
COc1cccc2c(O)c3c(c(O)c12)C(=O)C1=C(C[C@@](O)(C(=O)CO)C[C@@H]1O[C@H]1C[C@H](N)[C@H](OCc2ccccc2)[C@H](C)O1)C3=O,18.0,['admetlab2'],Train
CCN1CCN(C(=O)NC(C(=O)NC2C(=O)N3C(C(=O)O)=C(CSc4nnnn4C)CS[C@H]23)c2ccc(O)cc2)C(=O)C1=O,1.0,['admetlab2'],Train
CC1=C(C(=O)O)N2C(=O)C(NC(=O)C(N)c3ccccc3)[C@H]2SC1,3.0,['admetlab2'],Train
N=C(N)c1ccc(C(=O)NC(Cc2ccc(O)cc2)C(=O)N2CCC(OCC(=O)O)CC2)cc1,1.0,['admetlab2'],Train
CO[C@H]1C[C@@H](O[C@@H]2C(C)C(=O)O[C@H](C)[C@H](C)[C@H](O)C(C)C(=O)[C@@]3(CO3)C[C@H](C)[C@H](O[C@H]3O[C@@H](C)C[C@@H](N(C)C)[C@H]3O)[C@H]2C)O[C@@H](C)[C@@H]1O,9.0,['admetlab2'],Train
CC1(C)SC2C(NC(=O)C(C(=O)O)c3ccsc3)C(=O)N2C1C(=O)O,1.0,['admetlab2'],Train
CC(=O)O[C@H]1C[C@]2(O)[C@H]3CC[C@H]4C[C@H](O[C@H]5C[C@@H](O)[C@@H](O[C@H]6C[C@@H](O)[C@@H](O[C@H]7C[C@@H](O)[C@@H](O)[C@H](C)O7)[C@H](C)O6)[C@H](C)O5)CC[C@@]4(C)[C@H]3CC[C@]2(C)[C@H]1C1=CC(=O)OC1,0.0,['admetlab2'],Train
O=C(c1ccc(OCCN2CCCCC2)cc1)c1c(-c2ccc(O)cc2)sc2cc(O)ccc12,10.0,['admetlab2'],Train
COc1ccc2c3c1OC1C(=O)CC[C@@]4(O)[C@@H](C2)N(C)CC[C@]314,6.0,['admetlab2'],Train
CCN(CC)CCNC(=O)c1cc(Cl)c(N)cc1OC(C)C(C)=O,9.0,['admetlab2'],Train
CC(=O)OCC1=C(C(=O)O)N2C(=O)C(NC(=O)CC#N)[C@H]2SC1,3.0,['admetlab2'],Train
COc1ccccc1OC[C@H](O)CN1CCN(CC(=O)Nc2c(C)cccc2C)CC1,9.0,['admetlab2'],Train
CC1C(=NC(=O)C(NOC(C)(C)C(=O)O)c2csc(N)n2)C(=O)N1S(=O)(=O)O,1.0,['admetlab2'],Train
CCN(C)C(=O)Oc1cccc([C@H](C)N(C)C)c1,12.0,['admetlab2'],Train
NC(=O)C(c1ccccc1)(c1ccccc1)C1CCN(CCc2ccc3c(c2)CCO3)C1,12.0,['admetlab2'],Train
CCCC1CC(C(=O)NC(C(C)O)C2OC(SC)C(O)C(O)C2O)N(C)C1,2.0,['admetlab2'],Train
CC(C)(C)NCC(O)c1ccc(O)c(CO)c1,7.0,['admetlab2'],Train
NCC1OC(OC2C(N)CC(N)C(OC3OC(CO)C(O)C(N)C3O)C2O)C(O)C(O)C1O,1.0,['admetlab2'],Train
CC(C)Oc1ccccc1N1CCN(Cc2cccc(C(=O)N3CCCCC3)c2)CC1,6.0,['admetlab2'],Train
CC(N)(Cc1ccc(O)c(O)c1)C(=O)O,3.0,['admetlab2'],Train
NC(=O)c1cccc(N)c1,7.0,['admetlab2'],Train
CCNC(=O)C1CCCN1C(=O)C(CCCN=C(N)N)NC(=O)C(CC(C)C)NC(=O)C(CC(C)C)NC(=O)C(Cc1ccc(O)cc1)NC(=O)C(CO)NC(=O)C(Cc1c[nH]c2ccccc12)NC(=O)C(Cc1c[nH]cn1)NC(=O)C1CCC(=O)N1,2.0,['admetlab2'],Train
CCCC1O[C@@H]2C[C@H]3[C@@H]4CC=C5CC(=O)C=C[C@]5(C)[C@H]4[C@@H](O)C[C@]3(C)[C@]2(C(=O)CO)O1,20.0,['admetlab2'],Train
C#CC1(O)C=CC2C3CC=C4CC(=O)CCC4C3CCC21CC,0.0,['admetlab2'],Train
O[C@@H](CNC[C@H](O)[C@H]1CCc2cc(F)ccc2O1)[C@@H]1CCc2cc(F)ccc2O1,14.0,['admetlab2'],Train
CNC(=O)c1cccc2c(Nc3ccc(NS(C)(=O)=O)cc3OC)c3cccc(C)c3nc12,2.0,['admetlab2'],Train
Nc1nc(Cl)nc2c1ncn2C1CC(O)C(CO)O1,14.0,['admetlab2'],Train
CN1C[C@@H]2c3ccccc3Oc3ccc(Cl)cc3[C@H]2C1,12.0,['admetlab2'],Train
CO[C@H]1/C=C/O[C@@]2(C)Oc3c(C)c(O)c4c(O)c(c5c(c4c3C2=O)=NC2(CCN(CC(C)C)CC2)N=5)NC(=O)C(C)=CC=CC(C)[C@H](O)[C@@H](C)[C@@H](O)[C@@H](C)[C@H](OC(C)=O)[C@@H]1C,2.0,['admetlab2'],Train
Cc1[nH]cnc1CN1CCc2c(c3ccccc3n2C)C1=O,8.0,['admetlab2'],Train
CCN(CC)CCNC(=O)c1ccc(N)cc1,10.0,['admetlab2'],Train
Cc1onc(-c2ccccc2)c1-c1ccc(S(N)(=O)=O)cc1,1.0,['admetlab2'],Train
CC(C)OC(=O)CCC/C=C/C[C@@H]1[C@@H](CC[C@@H](O)CCc2ccccc2)[C@H](O)C[C@@H]1O,6.0,['admetlab2'],Train
CCC1=NC(=O)C(Cc2ccccc2)NC(=O)C(C(C)C)NC(=O)C([C@@H](C)CC)NC(=O)C(NC(=O)C(NC(=O)C(CCCN)NC(=O)C2CCCN2C(=O)C(NC(=O)C(NC(=O)C(NC(=O)C(NC(=O)CCCC(C)C)C(C)C)[C@@H](C)O)C(C)C)C(C)C)[C@@H](C)CC)[C@@H](C)OC(=O)C(C(C)C)NC1=O,3.0,['admetlab2'],Train
C[N+](C)(C)C[C@H](O)CC(=O)[O-],1.0,['admetlab2'],Train
COC1(NC(O)=c2sc(=C(C(N)=O)C(=O)O)s2)C(=O)N2C(C(=O)O)=C(CSc3nnnn3C)CSC21,0.0,['admetlab2'],Train
Clc1ccc(COC(Cn2ccnc2)c2ccc(Cl)cc2Cl)c(Cl)c1,9.0,['admetlab2'],Train
CCN(CC)CC(=O)Nc1c(C)cccc1C,16.0,['admetlab2'],Train
CC[C@@]1(O)CN2CC[C@H]1C[C@@H]2[C@@H](O)c1ccnc2ccc(OC)cc12,12.0,['admetlab2'],Train
C[C@]12CC[C@@H]3c4ccc(OC(=O)N(CCCl)CCCl)cc4CC[C@H]3[C@@H]1CC[C@@H]2OP(=O)(O)O,0.0,['admetlab2'],Train
CC(c1ncncc1F)[C@](O)(Cn1cncn1)c1ccc(F)cc1F,8.0,['admetlab2'],Train
Cc1cc(=O)c(C(=O)NC(C(=O)NC2C(=O)N3C(C(=O)O)=C(CSc4nnnn4C)CS[C@H]23)c2ccc(O)cc2)c[nH]1,0.0,['admetlab2'],Train
COc1cccc2c(O)c3c(c(O)c12)C(=O)C1=C(C[C@@](O)(C(=O)CO)C[C@@H]1O[C@H]1C[C@H](N)[C@H](O)[C@H](C)O1)C3=O,15.0,['admetlab2'],Train
Nc1nc(NC2CC2)c2ncn([C@H]3C=C[C@@H](CO)C3)c2n1,13.0,['admetlab2'],Train
Cc1ccc(C(=O)c2cc(O)c(O)c([N+](=O)[O-])c2)cc1,1.0,['admetlab2'],Train
CN(c1nc2ccccc2s1)C1CCN(C[C@@H](O)COc2ccc(F)cc2)CC1,4.0,['admetlab2'],Train
CCCc1nc(C)c2c(=O)[nH]c(-c3cc(S(=O)(=O)N4CCN(CC)CC4)ccc3OCC)nn12,13.0,['admetlab2'],Train
C[N+](C)([O-])CCCN1c2ccccc2CCc2ccccc21,12.0,['admetlab2'],Train
CCOc1ccccc1OC(c1ccccc1)C1CNCCO1,0.0,['admetlab2'],Train
CCOc1ccccc1O[C@H](c1ccccc1)[C@H]1CNCCO1,0.0,['admetlab2'],Train
N#Cc1c(N2C[C@@H]3NCCO[C@H]3C2)c(F)cc2c(=O)c(C(=O)O)cn(C3CC3)c12,5.0,['admetlab2'],Train
CC(=O)C1CC[C@H]2[C@@H]3CC[C@@H]4C[C@H](O)CC[C@]4(C)[C@H]3CC[C@]12C,22.0,['admetlab2'],Train
CN(C)CC(Oc1ccccc1)Oc1ccccc1,13.0,['admetlab2'],Train
CN1C(=O)C(O)C[C@H]1c1cccnc1,1.0,['admetlab2'],Train
C[C@@H](N)[C@H]1CC[C@@H](N)[C@@H](O[C@@H]2[C@@H](N)[C@@H](O)[C@@H](O)[C@@H](N(C)C(=O)CN)[C@H]2O)O1,1.0,['admetlab2'],Train
CCCN1CCCCC1C(=O)Nc1c(C)cccc1C,5.0,['admetlab2'],Train
CC1CN(c2c(F)c(N)c3c(=O)c(C(=O)O)cn(C4CC4)c3c2F)CC(C)N1,2.0,['admetlab2'],Train
c1ccc2c(c1)OCC(C1=NCCN1)O2,10.0,['admetlab2'],Train
Oc1cc2cc(CCN3CCN(c4nsc5ccccc45)CC3)c(Cl)cc2[nH]1,5.0,['admetlab2'],Train
CC(C)C(NC(=O)C(C(C)C)N(C)C)C(=O)N(C)C(C(=O)N1CCCC1C(=O)N1CCCC1C(=O)NC(C)(C)C)C(C)C,9.0,['admetlab2'],Train
CC(=O)N[C@H]1[C@H](O[C@@H]2c3ccc(c(Cl)c3)Oc3cc4cc(c3O[C@@H]3O[C@H](CO)[C@H](O)[C@H](O)[C@H]3NC(=O)CCCCCCC(C)C)Oc3ccc(cc3Cl)CC3NC(=O)C(N)c5ccc(O)c(c5)Oc5cc(O)cc(c5)C(NC3=O)C(=O)NC4C(=O)NC3C(=O)NC2C(=O)NC(C(=O)O)c2cc(O)cc(O[C@H]4O[C@H](CO)[C@@H](O)[C@H](O)[C@@H]4O)c2-c2cc3ccc2O)O[C@H](CO)[C@@H](O)[C@@H]1O,0.0,['admetlab2'],Train
Cc1cn(C2CC([N-][N+]#N)C(CO)O2)c(=O)[nH]c1=O,3.0,['admetlab2'],Train
NC(=O)n1c(O)c(C(=O)c2cccs2)c2cc(Cl)ccc21,0.0,['admetlab2'],Train
CC(C)(S)C(N)C(=O)O,10.0,['admetlab2'],Train
COc1cc2c3cc1Oc1cc(ccc1O)CC1c4c(cc(OC)c(O)c4Oc4ccc(cc4)CC3N(C)CC2)CC[N+]1(C)C,3.0,['admetlab2'],Train
Nc1nc(=O)c2ncn(COCCO)c2[nH]1,4.0,['admetlab2'],Train
Cc1ccc(-n2ccnc2)cc1C(O)c1c(C)cc(C(=O)O)cc1C,2.0,['admetlab2'],Train
O=C(OC1CN2CCC1CC2)N1CCc2ccccc2C1c1ccccc1,2.0,['admetlab2'],Train
CC1=C(C(=O)O)N2C(=O)C(NC(=O)C(N)C3=CCC=CC3)C2SC1,3.0,['admetlab2'],Train
CCOc1cc(CC(=O)N[C@@H](CC(C)C)c2ccccc2N2CCCCC2)ccc1C(=O)O,4.0,['admetlab2'],Train
NC(Cc1ccc(N(CCCl)CCCl)cc1)C(=O)O,7.0,['admetlab2'],Train
COc1cc2c(cc1OC)CC(=O)N(CCCN(C)C[C@H]1Cc3cc(OC)c(OC)cc31)CC2,10.0,['admetlab2'],Train
O=C1CN=C(c2ccccc2Cl)c2cc([N+](=O)[O-])ccc2N1,0.0,['admetlab2'],Train
CC1(C)O[C@@H]2C[C@H]3[C@@H]4CC=C5CC(=O)C=C[C@]5(C)[C@@]4(F)[C@@H](O)C[C@]3(C)[C@]2(C(=O)CO)O1,9.0,['admetlab2'],Train
CC(CS)C(=O)N1CCCC1C(=O)O,12.0,['admetlab2'],Train
O=P(O)(O)C(Cl)(Cl)P(=O)(O)O,1.0,['admetlab2'],Train
O=C1CN=C(c2ccccc2)c2cc(Cl)ccc2N1,0.0,['admetlab2'],Train
CC1=C2CC(=O)C=CC2(C)C2C(O)CC3(C)C(CCC3(O)C(=O)CO)C2C1,6.0,['admetlab2'],Train
O=C(CCCN1CCC(O)(c2ccc(Cl)cc2)CC1)c1ccc(F)cc1,7.0,['admetlab2'],Train
CC(=O)N(O)CCCCCNC(=O)CCC(=O)N(O)CCCCCNC(=O)CCC(=O)N(O)CCCCCN,8.0,['admetlab2'],Train
O=C1c2cccc3c2[C@H](CCC3)CN1[C@@H]1CN2CCC1CC2,2.0,['admetlab2'],Train
COCCCOc1ccnc(C[S+]([O-])c2nc3ccccc3[nH]2)c1C,4.0,['admetlab2'],Train
O=c1[nH]cnc2c1ncn2[C@H]1CC[C@@H](CO)O1,11.0,['admetlab2'],Train
COc1cc(CC(=O)NCC(=O)N(CCC(=O)O)Cc2ccc(OC)c(OC)c2)ccc1NC(=O)Nc1ccccc1C,11.0,['admetlab2'],Train
CC[C@H](OC(C)=O)C(C[C@H](C)N(C)C)(c1ccccc1)c1ccccc1,5.0,['admetlab2'],Train
CN(C)CCCN1c2ccccc2CCc2cc(O)ccc21,9.0,['admetlab2'],Train
O=C(NCCN1CCOCC1)Nc1nc2ccc(Sc3nnc4ccc(-c5ccc(F)cc5)nn34)cc2s1,8.0,['admetlab2'],Train
CC(c1ccccn1)c1c(CCN(C)C)sc2ccccc12,5.0,['admetlab2'],Train
CN1C(=O)C(O)CC1c1cccnc1,1.0,['admetlab2'],Train
CC(Oc1ccccc1)C(=O)NC1C(=O)N2C1SC(C)(C)C2C(=O)O,4.0,['admetlab2'],Train
CN1c2ccccc2[C@@H](NCCCCCCC(=O)O)c2ccc(Cl)cc2S1(=O)=O,2.0,['admetlab2'],Train
CCCN[C@H]1CCc2nc(N)sc2C1,7.0,['admetlab2'],Train
CC[C@H](C)C(NC(=O)C(CCC(=O)O)NC(=O)C(CCC(=O)O)NC(=O)C(Cc1ccccc1)NC(=O)C(CC(=O)O)NC(=O)CNC(=O)C(CC(N)=O)NC(=O)CNC(=O)CNC(=O)CNC(=O)CNC(=O)C1CCCN1C(=O)C(CCCN=C(N)N)NC(=O)C1CCCN1C(=O)C(N)Cc1ccccc1)C(=O)N1CCCC1C(=O)NC(CCC(=O)O)C(=O)NC(CCC(=O)O)C(=O)NC(Cc1ccc(O)cc1)C(=O)NC(CC(C)C)C(=O)O,8.0,['admetlab2'],Train
C=C(CC(NC(=O)c1ccc(CCc2cnc3nc(N)nc(N)c3n2)cc1)C(=O)O)C(=O)O,3.0,['admetlab2'],Train
CC1(C)S[C@@H]2C(NC(=O)COc3ccccc3)C(=O)N2C1C(=O)O,6.0,['admetlab2'],Train
NC(=O)C(c1ccccc1)(c1ccccc1)[C@@H]1CCN(CCc2ccc3c(c2)CCO3)C1,12.0,['admetlab2'],Train
CC[C@@H](C)CCCCCCC(=O)N[C@H]1[C@H](Oc2c3cc4cc2Oc2ccc(cc2Cl)[C@@H](O[C@@H]2O[C@H](CO)[C@@H](O)[C@H](O)[C@H]2NC(C)=O)C2NC(=O)C(NC(=O)C4NC(=O)C4NC(=O)C(Cc5ccc(c(Cl)c5)O3)NC(=O)C(N)c3ccc(O)c(c3)Oc3cc(O)cc4c3)c3ccc(O)c(c3)-c3c(O[C@H]4O[C@H](CO)[C@@H](O)[C@H](O)[C@@H]4O)cc(O)cc3C(C(=O)O)NC2=O)O[C@H](CO)[C@H](O)[C@@H]1O,0.0,['admetlab2'],Train
CN1CCN(c2c(F)cc3c(=O)c(C(=O)O)cn(CCF)c3c2F)CC1,2.0,['admetlab2'],Train
O=C(O)C1/C(=C/CO)OC2CC(=O)N21,3.0,['admetlab2'],Train
C/C(=C\c1csc(C)n1)C1CC2OC2(C)CCCC(C)C(O)C(C)C(=O)C(C)(C)C(O)CC(=O)N1,10.0,['admetlab2'],Train
CNC(C)Cc1ccccc1,4.0,['admetlab2'],Train
CNC(CC(C)C)C(=O)NC1C(=O)NC(CC(N)=O)C(=O)NC2C(=O)NC3C(=O)NC(C(=O)NC(C(=O)O)c4cc(O)cc(O)c4-c4cc3ccc4O)[C@H](O)c3ccc(c(Cl)c3)Oc3cc2cc(c3O[C@@H]2O[C@H](CO)[C@@H](O)[C@H](O)[C@H]2O[C@H]2C[C@](C)(N)[C@H](O)[C@H](C)O2)Oc2ccc(cc2Cl)[C@H]1O,1.0,['admetlab2'],Train
CCOc1ccc2ccccc2c1C(=O)NC1C(=O)N2C(C(=O)O)C(C)(C)S[C@H]12,3.0,['admetlab2'],Train
CN(C)CCCN1c2ccccc2CCc2ccc(Cl)cc21,8.0,['admetlab2'],Train
C=CC1CN2CCC1CC2C(O)c1ccnc2ccc(OC)cc12,4.0,['admetlab2'],Train
Cc1ccsc1C(=CCCN1CCCC(C(=O)O)C1)c1sccc1C,1.0,['admetlab2'],Train
CC1(C)S[C@@H]2C(NC(=O)C(NC(=O)N3CCNC3=O)c3ccccc3)C(=O)N2C1C(=O)O,2.0,['admetlab2'],Train
COc1cccc(OC)c1C(=O)NC1C(=O)N2C1SC(C)(C)C2C(=O)O,6.0,['admetlab2'],Train
C=Cc1c(C)c2[nH]c1=Cc1[nH]c(c(=CCC(=O)O)c1C)=Cc1[nH]c(c(C)c1CCC(=O)OC)C=C1N=C(C=2)C2=CC=C(C(=O)OC)C(C(=O)OC)[C@@]12C,1.0,['admetlab2'],Train
CC1(C)[C@H]2CC[C@@]3(C)C(C(=O)C=C4C5C[C@](C)(C(=O)O)CC[C@@]5(C)CC[C@@]43C)[C@]2(C)CC[C@H]1O[C@H]1OC(C(=O)O)[C@@H](O)[C@H](O)[C@H]1O[C@@H]1OC(C(=O)O)[C@@H](O)[C@H](O)[C@H]1O,0.0,['admetlab2'],Train
CCCCCCCCCCCCC/C=C/[C@@H](O)[C@H](CO[C@@H]1O[C@H](CO)[C@@H](O[C@@H]2O[C@H](CO)[C@H](O[C@@H]3O[C@H](CO)[C@H](O)[C@H](O[C@@H]4O[C@H](CO)[C@H](O)[C@H](O)[C@H]4O)[C@H]3NC(C)=O)[C@H](OC[C@H](O)[C@H](O)[C@@H]3O[C@](O)(C(=O)O)C[C@H](O)[C@H]3NC(C)=O)[C@H]2O)[C@H](O)[C@H]1O)NC(=O)CCCCCCCCCCCCCCCCC,0.0,['admetlab2'],Train
CCOC(=O)[C@]1(c2ccccc2)CCC=C[C@H]1N(C)C,16.0,['admetlab2'],Train
NC(CC(=O)N1CCn2c(nnc2C(F)(F)F)C1)Cc1cc(F)c(F)cc1F,6.0,['admetlab2'],Train
CNCCCN1c2ccccc2CCc2ccccc21,11.0,['admetlab2'],Train
C[C@H](CCC(=O)O)[C@H]1CC[C@H]2[C@@H]3[C@H](O)C[C@@H]4C[C@H](O)CC[C@]4(C)[C@H]3CC[C@]12C,5.0,['admetlab2'],Train
CCN(CC)C(=O)C(C#N)=Cc1cc(O)c(O)c([N+](=O)[O-])c1,12.0,['admetlab2'],Train
CON=C(C(=O)NC1C(=O)N2C(C(=O)[O-])=C(Cn3cc[n+]4c3CCC=N4)CS[C@H]12)c1nsc(N)n1,2.0,['admetlab2'],Train
Cc1nnc(C(C)C)n1C1C[C@H]2CC[C@@H](C1)N2CC[C@@H](NC(=O)C1CCC(F)(F)CC1)c1ccccc1,9.0,['admetlab2'],Train
CC1(C)SC2C(NC(=O)C(N)c3ccc(O)cc3)C(=O)N2C1C(=O)O,3.0,['admetlab2'],Train
CC(N)CCCC(C)(C)O,10.0,['admetlab2'],Train
COC[C@@H](O)CN(C(C)=O)c1c(I)c(C(=O)NC[C@H](O)CO)c(I)c(C(=O)NC[C@H](O)CO)c1I,1.0,['admetlab2'],Train
NS(=O)(=O)OC[C@@H]1C[C@@H](n2ccc3c(N[C@H]4CCc5ccccc54)ncnc32)C[C@@H]1O,8.0,['admetlab2'],Train
CN(C)C1C(=O)C(C(N)=O)C(=O)C2(O)C(=O)C3C(=O)c4c(O)ccc(Cl)c4C(C)(O)C3CC12,2.0,['admetlab2'],Train
CN[C@H]1CN(c2ccc3c(=O)c(C(=O)O)cn(-c4nccs4)c3n2)C[C@@H]1OC,0.0,['admetlab2'],Train
CCN1CCN(C(=O)NC(C(=O)N[C@]2(OC)C(=O)N3C(C(=O)O)=C(CSc4nnnn4C)CS[C@@H]32)[C@H](C)O)C(=O)C1=O,1.0,['admetlab2'],Train
CC(C)NCC(O)COc1cccc2ccccc12,12.0,['admetlab2'],Train
Nc1c(CC(=O)O)cccc1C(=O)c1ccc(Br)cc1,1.0,['admetlab2'],Train
CC1(C)S[C@@H]2C(NC(=O)Cc3ccccc3)C(=O)N2C1C(=O)O,6.0,['admetlab2'],Train
CN(C)CCc1c[nH]c2ccc(C[C@H]3COC(=O)N3)cc12,6.0,['admetlab2'],Train
COc1ccc(CC(C)(C)NC[C@H](O)c2cc(O)cc3c2OCC(=O)N3)cc1,12.0,['admetlab2'],Train
CC(=O)NCCCS(=O)(=O)O,3.0,['admetlab2'],Train
C[C@H]1CN(CC(Cc2ccccc2)C(=O)NCC(=O)O)CC[C@@]1(C)c1cccc(O)c1,5.0,['admetlab2'],Train
CCC(OC(C)=O)C(CC(C)N(C)C)(c1ccccc1)c1ccccc1,5.0,['admetlab2'],Train
NC[C@H]1O[C@H](O[C@H]2[C@H](O)[C@@H](O[C@H]3O[C@H](CO)[C@@H](O)[C@H](N)[C@H]3O)[C@H](N)C[C@@H]2N)[C@H](N)C[C@@H]1O,1.0,['admetlab2'],Train
CCN1CC(CCN2CCOCC2)C(c2ccccc2)(c2ccccc2)C1=O,5.0,['admetlab2'],Train
C/C=C/c1cc(OC)c(OC)cc1OC,8.0,['admetlab2'],Train
CC(N)Cc1ccccc1,9.0,['admetlab2'],Train
CC[C@H]1C2C[C@H]3[C@@H]4N(C)c5ccccc5C45C[C@@H](C2[C@H]5O)N3[C@@H]1O,9.0,['admetlab2'],Train
CCCCN=C(N)N=C(N)N,6.0,['admetlab2'],Train
C[C@@H]1CCC[C@H](C)N1CCCC(O)(c1ccccc1)c1ccccn1,1.0,['admetlab2'],Train
CON=C(C(=O)NC1C(=O)N2C(C(=O)[O-])=C(C[n+]3ccc(N)n3CCO)CS[C@H]12)c1csc(N)n1,1.0,['admetlab2'],Train
Cc1cn(C2C=CC(CO)O2)c(=O)[nH]c1=O,8.0,['admetlab2'],Train
CON=C(C(=O)NC1C(=O)N2C(C(=O)[O-])=C(C[N+]34CCC(C(N)=O)(CC3)CC4)CSC12)c1nsc(N)n1,1.0,['admetlab2'],Train
O=C1CN=C(c2ccccc2Cl)c2cc(Br)ccc2N1,0.0,['admetlab2'],Train
CC1C(=O)O[C@H]2[C@H](O)C34[C@H]5C[C@@H](C(C)(C)C)C36C(O)C(=O)O[C@H]6OC4(C(=O)O5)[C@@]12O,2.0,['admetlab2'],Train
CC(C)NC[C@@H](O)COc1cccc2c1N(C(=O)c1cccnc1)CCC2,3.0,['admetlab2'],Train
COc1ccc2c3c1O[C@H]1C[C@@H](O)C=C[C@@]31CCN(C)C2,5.0,['admetlab2'],Train
CC1=C(C(=O)O)N2C(=O)C(NC(=O)C(N)C3=CCC=CC3)[C@H]2SC1,3.0,['admetlab2'],Train
CCOC(=O)c1cncn1[C@H](C)c1ccccc1,13.0,['admetlab2'],Train
Cc1nnc(SCC2=C(C(=O)O)N3C(=O)C(NC(=O)Cn4cnnn4)[C@H]3SC2)s1,0.0,['admetlab2'],Train
Cc1cc(NS(=O)(=O)c2ccc(N)cc2)no1,0.0,['admetlab2'],Train
Cc1cccc(Cl)c1C(=O)NC(Cc1ccc(NC(=O)c2c(Cl)cncc2Cl)cc1)C(=O)O,3.0,['admetlab2'],Train
C[C@H]1O[C@@H](n2cc(F)c(=O)[nH]c2=O)[C@H](O)[C@@H]1O,11.0,['admetlab2'],Train
O=C(O)C[C@H](O)C[C@H](O)/C=C/c1c(C2CC2)nc2ccccc2c1-c1ccc(F)cc1,5.0,['admetlab2'],Train
COc1ccc2c(c1)c(CC(=O)O)c(C)n2C(=O)c1ccc(Cl)cc1,1.0,['admetlab2'],Train
O=P(O)(O)OC(Cn1cncn1)(Cn1cncn1)c1ccc(F)cc1F,1.0,['admetlab2'],Train
CC(=O)C1CCC2C3CCC4CC(O)CCC4(C)C3CCC12C,22.0,['admetlab2'],Train
Nc1nc(NC2CC2)c2ncn(C3C=CC(CO)C3)c2n1,13.0,['admetlab2'],Train
CC1(C)SC2C(NC(=O)C(NC(=O)N3CCNC3=O)c3ccccc3)C(=O)N2C1C(=O)O,2.0,['admetlab2'],Train
Cc1nc(NNC(=O)C(CC2CCCC2)CN(O)C=O)c(F)c(N2CCN3CCOCC3C2)n1,5.0,['admetlab2'],Train
CC1(C)S[C@@H]2C(NC(=O)C(c3ccccc3)S(=O)(=O)O)C(=O)N2C1C(=O)O,1.0,['admetlab2'],Train
C/C=C/C[C@@H](C)[C@@H](O)C1C(=O)NC(CC)C(=O)N(C)CC(=O)N(C)C(CC(C)C)C(=O)NC(C(C)C)C(=O)N(C)C(CC(C)C)C(=O)NC(C)C(=O)NC(C)C(=O)N(C)C(CC(C)C)C(=O)N(C)C(CC(C)C)C(=O)N(C)C(C(C)C)C(=O)N1C,7.0,['admetlab2'],Train
COc1ccc(Cl)cc1C1(F)C(=O)Nc2cc(C(F)(F)F)ccc21,15.0,['admetlab2'],Train
CC(=O)C[C@H](c1ccc([N+](=O)[O-])cc1)c1c(O)c2ccccc2oc1=O,1.0,['admetlab2'],Train
O=C1NC(=O)C(c2ccccc2)(c2ccccc2)N1,0.0,['admetlab2'],Train
COc1ccc2c(c1)N(CC(C)CN(C)C)c1ccccc1S2,9.0,['admetlab2'],Train
C[C@H]1[C@H](C)CC[C@]2(C(=O)O)CC[C@@]3(C)C(=CC[C@@H]4[C@@]5(C)CC[C@H](O)C(C)(C)[C@@H]5CC[C@]43C)[C@H]12,3.0,['admetlab2'],Train
CO[C@@]1(NC(O)=c2sc(=C(C(N)=O)C(=O)O)s2)C(=O)N2C(C(=O)O)=C(CSc3nnnn3C)CS[C@@H]21,0.0,['admetlab2'],Train
CCN1CCC[C@H]1CNC(=O)c1c(OC)ccc(Br)c1OC,1.0,['admetlab2'],Train
NCc1ccccc1CC(=O)NC1C(=O)N2C(C(=O)O)=C(CSc3nnnn3CC(=O)O)CS[C@H]12,0.0,['admetlab2'],Train
CCC1(O)CN2CCC1CC2C(O)c1ccnc2ccc(OC)cc12,12.0,['admetlab2'],Train
C=CCC1(C(C)C#CCC)C(=O)NC(=O)N(C)C1=O,12.0,['admetlab2'],Train
Cn1cncc1[C@@](N)(c1ccc(Cl)cc1)c1ccc2c(c1)c(-c1cccc(Cl)c1)cc(=O)n2C,5.0,['admetlab2'],Train
COC1(NC(=O)C(C(=O)O)c2ccc(O)cc2)C(=O)N2C(C(=O)O)=C(CSc3nnnn3C)COC21,0.0,['admetlab2'],Train
CN(C)c1ccc(O)c2c1CC1CC3C(N(C)C)C(=O)C(C(N)=O)C(=O)C3(O)C(=O)C1C2=O,1.0,['admetlab2'],Train
CCC1=NC(=O)C(Cc2ccccc2)NC(=O)C(C(C)C)NC(=O)C([C@@H](C)CC)NC(=O)C(NC(=O)C(NC(=O)C(CCCN)NC(=O)C2CCCN2C(=O)C(NC(=O)C(NC(=O)C(NC(=O)C(NC(=O)CC[C@@H](C)CC)C(C)C)[C@@H](C)O)C(C)C)C(C)C)[C@@H](C)CC)[C@@H](C)OC(=O)C(C(C)C)NC1=O,3.0,['admetlab2'],Train
C=C[C@]1(C)C[C@@H](OC(=O)CS[C@@H]2CC[C@@H](N)C[C@H]2O)[C@]2(C)[C@H](C)CC[C@]3(CCC(=O)[C@H]32)[C@@H](C)[C@@H]1O,3.0,['admetlab2'],Train
O=C1CN=C(c2ccccc2Cl)c2cc(Cl)ccc2N1,0.0,['admetlab2'],Train
CN1C(C(=O)Nc2ccccn2)C(=O)c2sccc2S1(=O)=O,0.0,['admetlab2'],Train
CON=C(C(=O)NC1C(=O)N2C(C(=O)[O-])=C(C[n+]3ccc(-c4cnco4)cc3)CS[C@H]12)c1csc(N)n1,1.0,['admetlab2'],Train
O=C1c2ccc3ccccc3c2C(=O)N1CCNCCCNCCN1C(=O)c2ccc3ccccc3c2C1=O,5.0,['admetlab2'],Train
NCCC(O)C(=O)N[C@@H]1C[C@H](N)[C@@H](O[C@H]2O[C@H](CN)CC[C@H]2N)[C@H](O)[C@H]1O[C@H]1O[C@H](CO)[C@@H](O)[C@H](N)[C@H]1O,1.0,['admetlab2'],Train
Cc1cccc([C@H](C)c2c[nH]cn2)c1C,11.0,['admetlab2'],Train
CC1CCCC(C)N1CCCC(O)(c1ccccc1)c1ccccn1,1.0,['admetlab2'],Train
NCCCCC(NC(=O)C(Cc1cc(Br)c(O)c(Br)c1)NC(=O)N1CCC(N2Cc3ccccc3NC2=O)CC1)C(=O)N1CCN(c2ccncc2)CC1,2.0,['admetlab2'],Train
NNC(=O)c1ccncc1,7.0,['admetlab2'],Train
COc1cc2nc(N3CCN(C(=O)c4ccco4)CC3)nc(N)c2cc1OC,4.0,['admetlab2'],Train
O=C1N=C(c2ccccc2Cl)c2cc(Cl)ccc2NC1O,1.0,['admetlab2'],Train
NC(CCC(=O)NC(Cc1ccc(O)c(O)c1)C(=O)O)C(=O)O,4.0,['admetlab2'],Train
O=C1N=C(c2ccccc2)c2cc(Cl)ccc2NC1O,1.0,['admetlab2'],Train
CC1(C)S[C@@H]2C(/N=C/N3CCCCCC3)C(=O)N2C1C(=O)O,6.0,['admetlab2'],Train
Cc1[nH]c(=O)c(C#N)cc1-c1ccncc1,6.0,['admetlab2'],Train
CC1(C)SC2C(NC(=O)C(C(=O)O)c3ccccc3)C(=O)N2C1C(=O)O,1.0,['admetlab2'],Train
N=C(N)NCCCNC(=O)C1CCCCN1C(=O)C(CC1CCCCC1)NCC(=O)O,6.0,['admetlab2'],Train
Cc1[nH]c(=O)c(C#N)cc1-c1ccc2nccn2c1,11.0,['admetlab2'],Train
Cc1nnc(SCC2=C(C(=O)O)N3C(=O)C(NC(=O)C(O)c4ccccc4)C3SC2)s1,2.0,['admetlab2'],Train
CC(C)CN(C[C@@H](O)[C@H](Cc1ccccc1)NC(=O)O[C@H]1CO[C@H]2OCC[C@H]21)S(=O)(=O)c1ccc(N)cc1,7.0,['admetlab2'],Train
CCC1(c2ccccc2)C(=O)NC(=O)NC1=O,0.0,['admetlab2'],Train
C[C@](N)(Cc1ccc(O)c(O)c1)C(=O)O,3.0,['admetlab2'],Train
CC(C)=CCN1CC[C@]2(C)c3cc(O)ccc3C[C@H]1C2C,23.0,['admetlab2'],Train
CNS(=O)(=O)Cc1ccc2[nH]cc(CCCN3CCN(c4ncncc4OC)CC3)c2c1,6.0,['admetlab2'],Train
CNC[C@@H]1CC[C@@H](N)[C@@H](O[C@@H]2[C@H](O)[C@@H](O[C@H]3OC[C@](C)(O)[C@H](NC)[C@H]3O)[C@H](N)C[C@@H]2N)O1,1.0,['admetlab2'],Train
CC(C)n1c(/C=C/[C@H](O)C[C@H](O)CC(=O)O)c(-c2ccc(F)cc2)c2ccccc21,16.0,['admetlab2'],Train
CC(=O)NC(Cc1ccc2ccccc2c1)C(=O)NC(Cc1ccc(Cl)cc1)C(=O)NC(Cc1cccnc1)C(=O)NC(CO)C(=O)NC(Cc1ccc(NC(=O)C2CC(=O)NC(=O)N2)cc1)C(=O)NC(Cc1ccc(NC(N)=O)cc1)C(=O)NC(CC(C)C)C(=O)NC(CCCCNC(C)C)C(=O)N1CCCC1C(=O)NC(C)C(N)=O,0.0,['admetlab2'],Train
CC1(C)SC2C(/N=C/N3CCCCCC3)C(=O)N2C1C(=O)O,6.0,['admetlab2'],Train
CNC(=O)c1c(I)c(NC(C)=O)c(I)c(C(=O)O)c1I,2.0,['admetlab2'],Train
O=C(O)CCCC[C@@H]1CCSS1,11.0,['admetlab2'],Train
CCC(=O)OC(Cc1ccccc1)(c1ccccc1)C(C)CN(C)C,15.0,['admetlab2'],Train
NCC1CCC(C(=O)O)CC1,2.0,['admetlab2'],Train
Cc1nnc2n1-c1ccc(Cl)cc1C(c1ccccc1Cl)=NC2,3.0,['admetlab2'],Train
C#C[C@]1(O)CC[C@H]2[C@@H]3CCc4cc(O)ccc4[C@H]3CC[C@@]21C,7.0,['admetlab2'],Train
N=c1n[n+]([O-])c2ccccc2n1O,8.0,['admetlab2'],Train
C=C[C@H]1CN2CC[C@H]1C[C@H]2[C@H](O)c1ccnc2ccc(OC)cc12,1.0,['admetlab2'],Train
CON=C(C(=O)NC1C(=O)N2C(C(=O)O)=C(C)CSC12)c1csc(N)n1,1.0,['admetlab2'],Train
CCCCCc1cc(O)c2c(c1)OC(C)(C)C1CCC(C)=CC21,3.0,['admetlab2'],Train
CCOCCn1c(C2CCN(CCc3ccc(C(C)(C)C(=O)O)cc3)CC2)nc2ccccc21,2.0,['admetlab2'],Train
Cc1nc2c([nH]1)-c1ccccc1N(C(=O)c1ccc(NC(=O)c3ccccc3-c3ccccc3)cc1)CC2,3.0,['admetlab2'],Train
C[C@H]1C(=NC(=O)C(NOC(C)(C)C(=O)O)c2csc(N)n2)C(=O)N1S(=O)(=O)O,1.0,['admetlab2'],Train
O=C(O)C1/C(=C/CO)O[C@@H]2CC(=O)N12,3.0,['admetlab2'],Train
Cc1ncc2n1-c1ccc(Cl)cc1C(c1ccccc1F)=NC2,5.0,['admetlab2'],Train
CCCNC(=O)NS(=O)(=O)c1ccc(Cl)cc1,0.0,['admetlab2'],Train
CCOC(=O)C1=C[C@]2(CC)CCCN3CCc4c(n1c1ccccc41)[C@@H]32,6.0,['admetlab2'],Train
CNCCC(Oc1ccccc1C)c1ccccc1,9.0,['admetlab2'],Train
CC1(C)O[C@@H]2C[C@H]3[C@@H]4C[C@H](F)C5=CC(=O)C=C[C@@]5(C)[C@H]4[C@@H](O)C[C@]3(C)[C@]2(C(=O)CO)O1,9.0,['admetlab2'],Train
O=P(O)(O)C(O)(Cc1cccnc1)P(=O)(O)O,1.0,['admetlab2'],Train
Nc1ccn([C@H]2CC[C@@H](CO)O2)c(=O)n1,5.0,['admetlab2'],Train
C[C@@H](O)C1C(=O)N2C(C(=O)O)=C([C@H]3CCCO3)S[C@H]12,2.0,['admetlab2'],Train
COc1c(N2C[C@@H](C)C[C@H](N)C2)ccc2c(=O)c(C(=O)O)cn(C3CC3)c12,3.0,['admetlab2'],Train
CC1(C)CC1C(=O)N=C(CCCCCSCC(N)C(=O)O)C(=O)O,2.0,['admetlab2'],Train
CC1(C)C(C(=O)O)N2C(=O)CC2S1(=O)=O,5.0,['admetlab2'],Train
Cc1cccc(C(C)c2c[nH]cn2)c1C,11.0,['admetlab2'],Train
O=C(N[C@H](CO)[C@H](O)c1ccc([N+](=O)[O-])cc1)C(Cl)Cl,2.0,['admetlab2'],Train
Cn1c(CNc2ccc(C(=N)N)cc2)nc2cc(C(=O)N(CCC(=O)O)c3ccccn3)ccc21,1.0,['admetlab2'],Train
CN(C)C1C(=O)C(C(N)=O)C(=O)[C@@]2(O)C(=O)C3C(=O)c4c(O)cccc4[C@@](C)(O)[C@H]3[C@H](O)[C@@H]12,2.0,['admetlab2'],Train
CON=C(C(=O)NC1C(=O)N2C(C(=O)O)=C(CSc3nnnn3C)CS[C@H]12)c1csc(N)n1,3.0,['admetlab2'],Train
CC[C@]1(C)NC(=O)C(Cc2cccs2)NC(=O)C(Cc2ccccc2)NC(=O)CCCSCC(C(=O)N2C[C@H](O)CC2C(=O)NC(CCCN=C(N)N)C(=O)NCC(N)=O)NC(=O)C(CC(N)=O)NC1=O,0.0,['admetlab2'],Train
CC1=C2CC(=O)C=C[C@]2(C)[C@@H]2[C@@H](C1)[C@@H]1CC[C@](O)(C(=O)CO)[C@@]1(C)C[C@@H]2O,6.0,['admetlab2'],Train
CC(CN1c2ccccc2Sc2ccccc21)N(C)C,14.0,['admetlab2'],Train
NCCC(O)C(=O)N[C@@H]1C[C@H](N)[C@@H](O[C@H]2O[C@H](CN)[C@@H](O)[C@H](O)[C@H]2O)[C@H](O)[C@H]1O[C@H]1O[C@H](CO)[C@@H](O)[C@H](N)[C@H]1O,1.0,['admetlab2'],Train
Cc1ccc(O)c([C@H](CCN(C(C)C)C(C)C)c2ccccc2)c1,8.0,['admetlab2'],Train
CC(c1ncncc1F)C(O)(Cn1cncn1)c1ccc(F)cc1F,8.0,['admetlab2'],Train
O=C(c1ccc(F)c(F)c1Nc1ccc(I)cc1F)N1CC(O)([C@@H]2CCCCN2)C1,2.0,['admetlab2'],Train
CC1CNc2c(cccc2S(=O)(=O)NC(CCCN=C(N)N)C(=O)N2CC[C@@H](C)CC2C(=O)O)C1,5.0,['admetlab2'],Train
Cc1ccc2c(-c3ccccc3)nc(=O)n(C(C)C)c2c1,9.0,['admetlab2'],Train
CCN(CC)c1ccc2cc(C(=O)Nc3ccc4[nH]c(C(=O)N5C[C@@H](CCl)c6c5cc(OC(=O)Nc5ccccc5)c5[nH]cc(C)c65)cc4c3)oc2c1,2.0,['admetlab2'],Train
CCN[C@@H]1C[C@H](N)[C@@H](O[C@H]2OC(CN)=CC[C@H]2N)[C@H](O)[C@H]1O[C@H]1OC[C@](C)(O)[C@H](NC)[C@H]1O,0.0,['admetlab2'],Train
CN=C(C[N+](=O)[O-])NCCSCc1ccc(CN(C)C)o1,9.0,['admetlab2'],Train
CC(CN1CC(=O)NC(=O)C1)N1CC(=O)NC(=O)C1,3.0,['admetlab2'],Train
CC1=C(C(=O)O)N2C(=O)C(NC(=O)C(N)c3ccccc3)C2SC1,3.0,['admetlab2'],Train
CC=CC1=C(C(=O)O)N2C(=O)C(NC(=O)C(N)c3ccc(O)cc3)C2SC1,2.0,['admetlab2'],Train
COC1(NC(=O)CSCC#N)C(=O)N2C(C(=O)O)=C(CSc3nnnn3C)CSC21,1.0,['admetlab2'],Train
CCCCCCCCCCNCCN[C@@]1(C)C[C@H](O[C@H]2[C@H](Oc3c4cc5cc3Oc3ccc(cc3Cl)[C@@H](O)C3NC(=O)C(NC(=O)C5NC(=O)C(CC(N)=O)NC(=O)C(NC(=O)C(CC(C)C)NC)[C@H](O)c5ccc(c(Cl)c5)O4)c4ccc(O)c(c4)-c4c(cc(O)c(CNCP(=O)(O)O)c4O)C(C(=O)O)NC3=O)O[C@H](CO)[C@@H](O)[C@@H]2O)O[C@@H](C)[C@H]1O,0.0,['admetlab2'],Train
CNCCC=C1c2ccccc2CCc2ccccc21,10.0,['admetlab2'],Train
Nc1ccn([C@@H]2O[C@H](CO)C[C@@H]2F)c(=O)n1,6.0,['admetlab2'],Train
CC(NC(CCc1ccccc1)C(=O)O)C(=O)C1CCCN1C(=O)O,1.0,['admetlab2'],Train
CNC(=O)CC(N)C(=O)NC(C(=O)NC1C(=O)N2C(C(=O)O)C(C)(C)S[C@H]12)c1ccc(O)cc1,2.0,['admetlab2'],Train
Cn1nnnc1SCC1=C(C(=O)O)N2C(=O)C(NC(=O)C(O)c3ccccc3)C2SC1,3.0,['admetlab2'],Train
Cc1onc(-c2ccccc2)c1C(=O)NC1C(=O)N2C(C(=O)O)C(C)(C)S[C@H]12,6.0,['admetlab2'],Train
Nc1ncnc2c1ncn2CCOCP(=O)(O)O,3.0,['admetlab2'],Train
CCC(CC)O[C@@H]1C=C(C(=O)O)C[C@H](N)[C@H]1NC(C)=O,4.0,['admetlab2'],Train
O=C(C=Cc1ccc(O)c2c1C(C(=O)OC(Cc1ccc(O)c(O)c1)C(=O)O)[C@@H](c1ccc(O)c(O)c1)O2)OC(Cc1ccc(O)c(O)c1)C(=O)O,7.0,['admetlab2'],Train
Cc1nccn1CC1CCc2c(c3ccccc3n2C)C1=O,5.0,['admetlab2'],Train
O=C(CCCN1CCC(n2c(=O)[nH]c3ccccc32)CC1)c1ccc(F)cc1,8.0,['admetlab2'],Train
Cc1cnc(C(=O)NCCc2ccc(S(=O)(=O)NC(=O)NC3CCCCC3)cc2)cn1,0.0,['admetlab2'],Train
NC1CN(c2c(F)cc3c(=O)c(C(=O)O)cn(C4CC4F)c3c2Cl)CC12CC2,3.0,['admetlab2'],Train
Nc1nc(-n2cc(C(=O)O)c(=O)c3cc(F)c(N4CC(O)C4)c(Cl)c32)c(F)cc1F,2.0,['admetlab2'],Train
CN1CCC[C@@H]1Cc1c[nH]c2ccc(CCS(=O)(=O)c3ccccc3)cc12,5.0,['admetlab2'],Train
O=C1NC(c2ccccc2)(c2ccccc2)C(=O)N1COP(=O)(O)O,3.0,['admetlab2'],Train
COc1ccc(CNC[C@@H](O)COc2ccc3[nH]c(=O)ccc3c2)cc1OC,8.0,['admetlab2'],Train
CCCc1nc(C(C)(C)O)c(C(=O)O)n1Cc1ccc(-c2ccccc2-c2nn[nH]n2)cc1,0.0,['admetlab2'],Train
NC(=O)c1csc(C2OC(CO)C(O)C2O)n1,2.0,['admetlab2'],Train
COC1=C(C(=O)O)N2C(=O)C(NC(=O)C(N)C3=CCC=CC3)[C@H]2SC1,4.0,['admetlab2'],Train
COc1cc2c(c(OC)c1OC)-c1ccc(OC)c(=O)cc1C(NC(C)=O)CC2,2.0,['admetlab2'],Train
CC(C)COC[C@@H](CN(Cc1ccccc1)c1ccccc1)N1CCCC1,8.0,['admetlab2'],Train
CCCC(CC)OC(C(=O)OCCN(C)C)(c1ccccc1)c1ccccc1,5.0,['admetlab2'],Train
NS(=O)(=O)c1cc2c(cc1C(F)(F)F)NCNS2(=O)=O,9.0,['admetlab2'],Train
Cc1ccc(O)c(C(CCN(C(C)C)C(C)C)c2ccccc2)c1,8.0,['admetlab2'],Train
CN1C(=O)NC(=O)C(C)(C2=CCCCC2)C1=O,3.0,['admetlab2'],Train
CCCC(NC(C)C(=O)N1C(C(=O)O)CC2CCCCC21)C(=O)O,1.0,['admetlab2'],Train
Cn1nnnc1SCC1=C(C(=O)O)N2C(=O)C(NC(=O)C(O)c3ccccc3)[C@H]2SC1,3.0,['admetlab2'],Train
CC[C@@]1(O)C(=O)OCc2c1cc1n(c2=O)Cc2cc3c(N)cccc3nc2-1,6.0,['admetlab2'],Train
Cc1onc(-c2c(F)cccc2Cl)c1C(=O)NC1C(=O)N2C1SC(C)(C)C2C(=O)O,2.0,['admetlab2'],Train
CNC1C(=O)NC2Cc3ccc(cc3)Oc3cc4cc(c3O[C@@H]3OC(C(=O)O)[C@@H](O)[C@H](O)[C@H]3NC(=O)CCCCCCCCC(C)C)Oc3ccc(cc3Cl)[C@@H](O)C3NC(=O)C(NC(=O)C4NC(=O)C(NC2=O)c2cc(cc(O)c2Cl)Oc2cc1ccc2O)c1ccc(O)c(c1)-c1c(O[C@H]2O[C@H](CO)[C@@H](O)[C@H](O)[C@@H]2O)cc(O)cc1C(C(=O)NCCCN(C)C)NC3=O,0.0,['admetlab2'],Train
Nc1nc(=O)c2ncn(CCC(CO)CO)c2[nH]1,8.0,['admetlab2'],Train
CN(C)CCc1c[nH]c2ccc(CC3COC(=O)N3)cc12,6.0,['admetlab2'],Train
CCCC[C@@H]1CC(=O)[C@]2(O)O[C@@H]3[C@@H](NC)[C@@H](O)[C@@H](NC)[C@H](O)[C@H]3O[C@@H]2O1,1.0,['admetlab2'],Train
Cc1nc(=O)c2cc(CN(C)c3ccc(C(=O)NC(CCC(=O)O)C(=O)O)s3)ccc2[nH]1,0.0,['admetlab2'],Train
Cc1ncc([N+](=O)[O-])n1CCO,0.0,['admetlab2'],Train
CCN1CCCC1CNC(=O)c1c(OC)ccc(Br)c1OC,1.0,['admetlab2'],Train
CN1C2CCC1CC(OC(=O)C(CO)c1ccccc1)C2,7.0,['admetlab2'],Train
CN1CCCC1Cc1c[nH]c2ccc(CCS(=O)(=O)c3ccccc3)cc12,5.0,['admetlab2'],Train
CCC1(O)C(=O)OCc2c1cc1n(c2=O)Cc2cc3c(N)cccc3nc2-1,6.0,['admetlab2'],Train
O=C(O)c1cc(N=Nc2ccc(O)c(C(=O)O)c2)ccc1O,1.0,['admetlab2'],Train
NC(=O)OCC1C(=NC(=O)C(NOCC(=O)O)c2csc(N)n2)C(=O)N1S(=O)(=O)O,1.0,['admetlab2'],Train
CON=C(C(=O)NC1C(=O)N2C(C(=O)[O-])=C(C[n+]3cccc4c3CCC4)CS[C@H]12)c1csc(N)n1,1.0,['admetlab2'],Train
CN(C)C1C(=O)C(C(N)=O)C(=O)[C@@]2(O)C(=O)C3C(=O)c4c(O)cccc4[C@@](C)(O)[C@H]3C[C@@H]12,1.0,['admetlab2'],Train
COc1ccc(C2Sc3ccccc3N(CCN(C)C)C(=O)C2OC(C)=O)cc1,13.0,['admetlab2'],Train
Cc1nnc(SCC2=C(C(=O)O)N3C(=O)C(NC(=O)Cn4cc(Cl)c(=O)c(Cl)c4)[C@H]3SC2)s1,0.0,['admetlab2'],Train
O=c1[nH]cnc2[nH]ncc12,11.0,['admetlab2'],Train
O=C(NCCN1CCOCC1)c1ccc(Cl)cc1,10.0,['admetlab2'],Train
Nc1nc(CC(=O)Nc2ccc(CCNC[C@H](O)c3ccccc3)cc2)cs1,13.0,['admetlab2'],Train
Cc1ccnc2c1NC(=O)c1cccnc1N2C1CC1,0.0,['admetlab2'],Train
NCCCCC(NC(CCc1ccccc1)C(=O)O)C(=O)N1CCCC1C(=O)O,1.0,['admetlab2'],Train
Cc1onc(-c2c(Cl)cccc2Cl)c1C(=O)NC1C(=O)N2C(C(=O)O)C(C)(C)S[C@H]12,2.0,['admetlab2'],Train
NCC1CCC(N)C(OC2C(N)CC(N)C(OC3OC(CO)C(O)C(N)C3O)C2O)O1,0.0,['admetlab2'],Train
C[C@@H](c1cccnc1F)c1c(CCN(C)C)sc2ccccc12,10.0,['admetlab2'],Train
C[C@H]1C[C@H]2[C@@H]3CC=C4CC(=O)C=C[C@]4(C)[C@@]3(F)[C@@H](O)C[C@]2(C)[C@@]1(O)C(=O)CO,2.0,['admetlab2'],Train
CC(C)(C)NC(=O)C1CC[C@H]2[C@@H]3C=CC4=CC(C(=O)O)CC[C@]4(C)[C@H]3CC[C@]12C,0.0,['admetlab2'],Train
CCCCC1CC(=O)C2(O)OC3C(NC)C(O)C(NC)C(O)C3OC2O1,1.0,['admetlab2'],Train
CC1(C)SC2C(NC(=O)C(c3ccccc3)S(=O)(=O)O)C(=O)N2C1C(=O)O,1.0,['admetlab2'],Train
COc1ccc2cc1Oc1ccc(cc1)C[C@H]1c3cc(c(OC)cc3CCN1C)Oc1c(OC)c(OC)c(Br)c3c1[C@H](C2)N(C)CC3,9.0,['admetlab2'],Train
C=C[C@H]1CN2CC[C@H]1C[C@@H]2[C@@H](O)c1ccnc2ccc(OC)cc12,4.0,['admetlab2'],Train
CS(=O)(=O)c1ccc(C(=O)Nc2ccc(Cl)c(-c3ccccn3)c2)c(Cl)c1,0.0,['admetlab2'],Train
CC1(C)S[C@@H]2C(NC(=O)C(NC(=O)N=C(N)N)c3ccccc3)C(=O)N2C1C(=O)O,1.0,['admetlab2'],Train
Clc1cccc(N2CCNCC2)c1,6.0,['admetlab2'],Train
NC[C@@H]1CC[C@@H](N)[C@@H](O[C@H]2[C@H](O)[C@@H](O[C@H]3O[C@H](CO)[C@@H](O)[C@H](N)[C@H]3O)[C@H](N)C[C@@H]2N)O1,0.0,['admetlab2'],Train
NCC1OC(OC2C(N)CC(N)C(O)C2OC2OC(CO)C(O)C2O)C(N)C(O)C1O,1.0,['admetlab2'],Train
O=C(O)CCCCO/N=C(\c1cccnc1)c1cccc(C(F)(F)F)c1,1.0,['admetlab2'],Train
CC(C)(O)[C@@H]1CC[C@](C)([C@H]2[C@@H](O)C[C@@]3(C)[C@@H]4C[C@H](O[C@@H]5O[C@H](CO)[C@@H](O)[C@H](O)[C@H]5O)[C@H]5C(C)(C)[C@@H](O[C@@H]6OC[C@@H](O)[C@H](O)[C@H]6O)CC[C@@]56C[C@@]46CC[C@]23C)O1,0.0,['admetlab2'],Train
C[C@@H]1C[C@H]2[C@@H]3C[C@H](F)C4=CC(=O)C=C[C@]4(C)[C@H]3[C@@H](O)C[C@]2(C)C1C(=O)CO,7.0,['admetlab2'],Train
CCCCC(=O)N(Cc1ccc(-c2ccccc2-c2nn[nH]n2)cc1)C(C(=O)O)C(C)C,0.0,['admetlab2'],Train
C[C@H]1COc2c(C3(N)CC3)c(F)cc3c(=O)c(C(=O)O)cn1c23,4.0,['admetlab2'],Train
NC(=O)c1ncn(C2OC(CO)C(O)C2O)n1,5.0,['admetlab2'],Train
CON=C(C(=O)NC1C(=O)N2C(C(=O)O)=C(CSc3nc(=O)c(=O)[nH]n3C)CS[C@H]12)c1csc(N)n1,0.0,['admetlab2'],Train
C[C@@H](O[C@H]1OCCN(Cc2n[nH]c(=O)[nH]2)[C@H]1c1ccc(F)cc1)c1cc(C(F)(F)F)cc(C(F)(F)F)c1,1.0,['admetlab2'],Train
Nc1ccc(O)c(C(=O)O)c1,9.0,['admetlab2'],Train
CCC(=O)NC[C@@H]1C[C@H]1c1cccc2c1CCO2,9.0,['admetlab2'],Train
CN1CC[C@H](c2c(O)cc(O)c3c(=O)cc(-c4ccccc4Cl)oc23)[C@H](O)C1,6.0,['admetlab2'],Train
CN1[C@@H]2CCC[C@H]1CC(NC(=O)c1nn(C)c3ccccc13)C2,9.0,['admetlab2'],Train
NCC1OC(OC2C(N)CC(N)C(OC3OC(CO)C(O)C(N)C3O)C2O)C(N)CC1O,1.0,['admetlab2'],Train
CCC(CC)COC(C(=O)OCCN(C)C)(c1ccccc1)c1ccccc1,5.0,['admetlab2'],Train
C#CC1(OS(=O)(=O)O)CCC2C3CCc4cc(O)ccc4C3CCC21C,1.0,['admetlab2'],Train
Cc1nnc2n1-c1ccc(Cl)cc1C(c1ccccc1)=NC2,0.0,['admetlab2'],Train
Nc1nc(=O)c2c([nH]1)NC[C@H](CNc1ccc(C(=O)NC(CCC(=O)O)C(=O)O)cc1)N2C=O,4.0,['admetlab2'],Train
Cc1cccc(C)c1OCC(C)N,8.0,['admetlab2'],Train
C[C@@H](O)C1C(=O)N2C(C(=O)O)=C(S[C@@H]3CNC(C(=O)N(C)C)C3)[C@H](C)[C@H]12,3.0,['admetlab2'],Train
NC(=O)N1c2ccccc2CC(O)c2ccccc21,0.0,['admetlab2'],Train
CC(C)(ON=C(C(=O)NC1C(=O)N2C(C(=O)O)=C(C[n+]3ccccc3)CSC12)C1=CSC(=N)[N]1)C(=O)[O-],2.0,['admetlab2'],Train
C[C@H]1CN(c2c(F)cc3c(=O)c(C(=O)O)cn(C4CC4)c3c2OC(F)F)CCN1,2.0,['admetlab2'],Train
CNC(C)C1CCC(N)C(OC2C(N)CC(N)C(OC3OCC(C)(O)C(NC)C3O)C2O)O1,1.0,['admetlab2'],Train
COc1cc2nc(N(C)CCCNC(=O)C3CCCO3)nc(N)c2cc1OC,5.0,['admetlab2'],Train
CC(=O)CC(c1ccccc1)c1c(O)c2ccccc2oc1=O,0.0,['admetlab2'],Train
C=CC[N+]1(C2CC3C4CCC5CC(O)C(N6CCOCC6)CC5(C)C4CCC3(C)C2OC(C)=O)CCCC1,3.0,['admetlab2'],Train
CC1c2cccc(O)c2C(=O)C2C(=O)C3(O)C(=O)C(C(N)=O)C(=O)C(N(C)C)C3C(O)C21,0.0,['admetlab2'],Train
CC(O)C1C(=O)N2C(C(=O)O)=C(SC3CC(C(=O)N4CCC(NC(=O)CN=C(N)N)C4)N(C)C3)C(C)C12,1.0,['admetlab2'],Train
C=CCN(C1=NCCN1)c1c(Cl)cccc1Cl,12.0,['admetlab2'],Train
Nc1ccn(C2COC(CO)O2)c(=O)n1,2.0,['admetlab2'],Train
CCC1=NC(=O)C2CSSCC/C=C/[C@H](CC(=O)NC(C(C)C)C(=O)N2)OC(=O)C(C(C)C)NC1=O,7.0,['admetlab2'],Train
COc1c(N2C[C@@H]3CCCN[C@@H]3C2)c(F)cc2c(=O)c(C(=O)O)cn(C3CC3)c12,2.0,['admetlab2'],Train
CN1CC(C(=O)NC2(C)OC3(O)C4CCCN4C(=O)C(Cc4ccccc4)N3C2=O)C=C2c3cccc4[nH]cc(c34)CC21,15.0,['admetlab2'],Train
CCN1C[C@H]2CN(C)C[C@@H](C1)C2OC(=O)c1ccc(Cl)cc1,17.0,['admetlab2'],Train
CNCC[C@@H](Oc1ccccc1C)c1ccccc1,9.0,['admetlab2'],Train
N=C(N)NCCCCC1NC(=O)CCSSCC(C(N)=O)NC(=O)C2CCCN2C(=O)C(Cc2c[nH]c3ccccc23)NC(=O)C(CC(=O)O)NC(=O)CNC1=O,1.0,['admetlab2'],Train
CN1CCOC(c2ccccc2)c2ccccc2C1,12.0,['admetlab2'],Train
C[n+]1ccccc1C=NO,9.0,['admetlab2'],Train
COc1cc2c(cc1OC)C(Cc1cc(OC)c(OC)c(OC)c1)[N+](C)(CCCOC(=O)CC/C=C/CCC(=O)OCCC[N+]1(C)CCc3cc(OC)c(OC)cc3C1Cc1cc(OC)c(OC)c(OC)c1)CC2,5.0,['admetlab2'],Train
CC(O)C1C(=O)N2C(C(=O)[O-])=C(SC3Cn4cnc[n+]4C3)C(C)C12,2.0,['admetlab2'],Train
CC(=O)Nc1c(I)c(C(=O)O)c(I)c(N(C)C(C)=O)c1I,2.0,['admetlab2'],Train
CON=C(C(=O)NC1C(=O)N2C(C(=O)[O-])=C(C[n+]3cccc4c3CCC4)CSC12)c1csc(N)n1,1.0,['admetlab2'],Train
Cc1onc(-c2c(F)cccc2Cl)c1C(=O)NC1C(=O)N2C(C(=O)O)C(C)(C)S[C@H]12,2.0,['admetlab2'],Train
CC(NC(=O)C(Cc1c[nH]c2ccccc12)NC(=O)C(N)Cc1c[nH]cn1)C(=O)NC(Cc1c[nH]c2ccccc12)C(=O)NC(Cc1ccccc1)C(=O)NC(CCCCN)C(N)=O,3.0,['admetlab2'],Train
O=C1c2ccccc2S(=O)(=O)N1CCCCNCC1CCc2ccccc2O1,2.0,['admetlab2'],Train
COc1ccc2c3c1OC1C(O)C=CC4C(C2)N(C)CCC341,15.0,['admetlab2'],Train
CC(=O)OC1=C2C(C)[C@@H](OC(=O)C(O)C(CC(C)C)NC(=O)OC(C)(C)C)[C@@H]3OC(=O)O[C@]3([C@@H](OC(=O)c3ccccc3)[C@@H]3[C@]4(OC(C)=O)CO[C@@H]4C[C@H](O)[C@@]3(C)C1=O)C2(C)C,8.0,['admetlab2'],Train
C/C(=C\c1csc(C)n1)[C@@H]1C[C@H]2[C@@H](CCC[C@H](C)[C@H](O)C(C)C(=O)C(C)(C)[C@@H](O)CC(=O)O1)N2CCOC(=O)OCCSSCC(NC(=O)C(CC(=O)O)NC(=O)C(CCCNC(=N)N)NC(=O)C(CC(=O)O)NC(=O)CCC(NC(=O)c1ccc(NCc2cnc3[nH]c(N)nc(=O)c3n2)cc1)C(=O)O)C(=O)O,2.0,['admetlab2'],Train
CC1(C)SC2C(NC(=O)C(NC(=O)N3CCN(S(C)(=O)=O)C3=O)c3ccccc3)C(=O)N2C1C(=O)O,2.0,['admetlab2'],Train
C=c1cc(C)[nH]c1=Cc1c(O)[nH]c2ccccc12,14.0,['admetlab2'],Train
COc1cc(C(=O)C(=O)N2CCCCC2C(=O)OC(CCCc2cccnc2)CCCc2cccnc2)cc(OC)c1OC,8.0,['admetlab2'],Train
CN1CC(C(=O)N[C@]2(C)O[C@@]3(O)[C@@H]4CCCN4C(=O)C(Cc4ccccc4)N3C2=O)C=C2c3cccc4[nH]cc(c34)C[C@H]21,15.0,['admetlab2'],Train
CC1=NC(=O)[C@](CCN(C(C)C)C(C)C)(c2ccccc2)[C@H]2CCCCN12,6.0,['admetlab2'],Train
CCC(C)CC(C)CCCCCCCCC(=O)NC1CC(O)C(NCCN)NC(=O)C2C(O)CCN2C(=O)C(C(O)CCN)NC(=O)C(C(O)C(O)c2ccc(O)cc2)NC(=O)C2CC(O)CN2C(=O)C(C(C)O)NC1=O,0.0,['admetlab2'],Train
CC(=O)NC(CS)C(=O)O,3.0,['admetlab2'],Train
CN(C(=O)c1c(O)c2ccccc2n(C)c1=O)c1ccccc1,0.0,['admetlab2'],Train
NC[C@H]1O[C@H](O[C@H]2[C@H](O[C@@H]3O[C@H](CO)[C@@H](O)[C@H]3O)[C@@H](O)[C@H](N)C[C@@H]2N)[C@H](N)[C@@H](O)[C@@H]1O,1.0,['admetlab2'],Train
NS(=O)(=O)c1cc(C(=O)O)c(NCc2ccco2)cc1Cl,1.0,['admetlab2'],Train
CCOC(=O)C1(c2ccccc2)CCC=CC1N(C)C,16.0,['admetlab2'],Train
NC1C2CN(c3nc4c(cc3F)c(=O)c(C(=O)O)cn4-c3ccc(F)cc3F)CC12,1.0,['admetlab2'],Train
CCCCCOc1ccc(-c2ccc(-c3ccc(C(=O)NC4C[C@@H](O)[C@@H](O)NC(=O)C5[C@@H](O)[C@@H](C)CN5C(=O)C([C@@H](C)O)NC(=O)C([C@H](O)[C@@H](O)c5ccc(O)cc5)NC(=O)C5C[C@@H](O)CN5C(=O)C([C@@H](C)O)NC4=O)cc3)cc2)cc1,0.0,['admetlab2'],Train
NS(=O)(=O)c1cc(C2(O)NC(=O)c3ccccc32)ccc1Cl,1.0,['admetlab2'],Train
CON=C(C(=O)NC1C(=O)N2C(C(=O)O)=C(CSc3nc(C)c(CC(=O)O)s3)CSC12)c1csc(N)n1,0.0,['admetlab2'],Train
CON=C(C(=O)NC1C(=O)N2C(C(=O)O)=C(COC(C)=O)CS[C@H]12)c1csc(N)n1,2.0,['admetlab2'],Train
c1cc2c(c(N3CCNCC3)c1)OCCO2,8.0,['admetlab2'],Train
CCCc1nn(C)c2c(=O)[nH]c(-c3cc(S(=O)(=O)N4CCN(C)CC4)ccc3OCC)nc12,9.0,['admetlab2'],Train
CC1c2cccc(O)c2C(=O)C2C(=O)[C@]3(O)C(=O)C(C(N)=O)C(=O)C(N(C)C)[C@@H]3[C@@H](O)[C@@H]21,0.0,['admetlab2'],Train
CC1(C)SC2C(NC(=O)Cc3ccccc3)C(=O)N2C1C(=O)O,6.0,['admetlab2'],Train
C[C@@H]([C@@](O)(Cn1cncn1)c1ccc(F)cc1F)S(C)(=O)=O,0.0,['admetlab2'],Train
N[C@@H]1CN(c2c(F)cc3c(=O)c(C(=O)O)cn([C@@H]4C[C@@H]4F)c3c2Cl)CC12CC2,3.0,['admetlab2'],Train
CNC(=O)C(c1ccccc1)N1CCc2cc(OC)c(OC)cc2[C@@H]1CCc1ccc(C(F)(F)F)cc1,10.0,['admetlab2'],Train
NC1CCN(c2c(F)cc3c(=O)c(C(=O)O)cn(C4CC4)c3c2Cl)C1,4.0,['admetlab2'],Train
CO[C@@]1(NC(=O)C(C(=O)O)c2ccc(O)cc2)C(=O)N2C(C(=O)O)=C(CSc3nnnn3C)CO[C@@H]21,0.0,['admetlab2'],Train
CC(C)=c1nc(N(C)S(C)(=O)=O)nc(-c2ccc(F)cc2)c1=CCC(O)CC(O)CC(=O)O,11.0,['admetlab2'],Train
C[C@@H]1[C@H](O)[C@@H](C)/C=C/C=C/C=C/C=C/C=C/C=C/C=C/[C@H](O[C@H]2O[C@H](C)[C@@H](O)[C@H](N)[C@@H]2O)C[C@@H]2O[C@@](O)(C[C@@H](O)C[C@@H](O)[C@H](O)CC[C@@H](O)C[C@@H](O)CC(=O)O[C@H]1C)C[C@H](O)C2C(=O)O,0.0,['admetlab2'],Train
CN1CCN(CCCN2c3ccccc3Sc3ccc(Cl)cc32)CC1,16.0,['admetlab2'],Train
C#CC1(O)CCC2C3CC=C4CC(=O)CCC4C3CCC21CC,1.0,['admetlab2'],Train
O=C(O)C1=C(CSc2nnnn2CS(=O)(=O)O)CS[C@@H]2C(NC(=O)C(O)c3ccccc3)C(=O)N12,0.0,['admetlab2'],Train
C[C@@H]1C[C@H]2C3C[C@H](F)C4=CC(=O)C=C[C@]4(C)[C@@]3(F)[C@@H](O)C[C@]2(C)[C@@]1(OC(=O)c1ccco1)C(=O)SCF,13.0,['admetlab2'],Train
CC(C(=O)O)c1cccc(Oc2ccccc2)c1,0.0,['admetlab2'],Train
CCC#CC[C@H](C)[C@H](O)C#C[C@@H]1[C@H]2C/C(=C/COCC(=O)O)C[C@H]2C[C@H]1O,3.0,['admetlab2'],Train
C=C[C@@H]1C[C@]1(NC(=O)C1C[C@@H](Oc2ncc(OC)c3ccc(Cl)cc23)CN1C(=O)C(NC(=O)OC(C)(C)C)C(C)(C)C)C(=O)NS(=O)(=O)C1CC1,11.0,['admetlab2'],Train
COc1ccc(CCO[C@@H]2CCCC[C@H]2N2CC[C@@H](O)C2)cc1OC,8.0,['admetlab2'],Train
CN[C@@H]1[C@@H](O)[C@@H](O[C@@H]2[C@@H](O)[C@H](O[C@H]3O[C@H]([C@@H](C)N)CC[C@H]3N)[C@@H](N)C[C@H]2N)OC[C@]1(C)O,1.0,['admetlab2'],Train
CON=C(C(=O)NC1C(=O)N2C(C(=O)O)=C(COC(C)=O)CSC12)c1csc(N)n1,2.0,['admetlab2'],Train
CN(CC(N)=O)C(=O)N(CCCl)N=O,9.0,['admetlab2'],Train
CC(C)(C)c1[nH]cnc1C=c1[nH]c(=O)c(=Cc2ccccc2)[nH]c1=O,7.0,['admetlab2'],Train
CN(C)C1C(=O)C(C(=O)NCN2CCCC2)C(=O)C2(O)C(=O)C3C(=O)c4c(O)cccc4C(C)(O)C3CC12,0.0,['admetlab2'],Train
C[C@@H]1C[C@H]2[C@H]3CC=C4CC(=O)C=C[C@]4(C)[C@@]3(Cl)[C@@H](O)C[C@]2(C)[C@@]1(OC(=O)c1ccco1)C(=O)CCl,12.0,['admetlab2'],Train
CN(C)C1C(=O)C(C(N)=O)C(=O)[C@@]2(O)C(=O)C3C(=O)c4c(O)ccc(Cl)c4[C@@H](O)[C@H]3C[C@@H]12,1.0,['admetlab2'],Train
CCCCC/C=C\CCC(=O)N[C@H]1[C@H](Oc2c3cc4cc2Oc2ccc(cc2Cl)[C@@H](O[C@@H]2O[C@H](CO)[C@@H](O)[C@H](O)[C@H]2NC(C)=O)C2NC(=O)C(NC(=O)C4NC(=O)C4NC(=O)C(Cc5ccc(c(Cl)c5)O3)NC(=O)C(N)c3ccc(O)c(c3)Oc3cc(O)cc4c3)c3ccc(O)c(c3)-c3c(O[C@H]4O[C@H](CO)[C@@H](O)[C@H](O)[C@@H]4O)cc(O)cc3C(C(=O)O)NC2=O)O[C@H](CO)[C@H](O)[C@@H]1O,0.0,['admetlab2'],Train
C/C(=C\c1csc(C)n1)[C@@H]1C[C@@H]2O[C@]2(C)CCC[C@H](C)[C@H](O)C(C)C(=O)C(C)(C)[C@@H](O)CC(=O)N1,10.0,['admetlab2'],Train
CC[C@@]1(O)C(=O)OCc2c1cc1n(c2=O)Cc2c-1nc1ccccc1c2CC[Si](C)(C)C,4.0,['admetlab2'],Train
Cc1cc(F)ccc1[C@H]1CNCCN1C(=O)N(C)[C@H](C)c1cc(C(F)(F)F)cc(C(F)(F)F)c1,5.0,['admetlab2'],Train
CN1CCC[C@H]1c1cccnc1,18.0,['admetlab2'],Train
CCN(CC)C(=O)[C@]1(c2ccccc2)C[C@@H]1CN,8.0,['admetlab2'],Train
CC1(C)S[C@@H]2C(NC(=O)C(N)c3ccccc3)C(=O)N2C1C(=O)O,2.0,['admetlab2'],Train
Oc1c(C2=CCC(c3ccc(Cl)cc3)CC2)c(O)c2ccccc2c1O,0.0,['admetlab2'],Train
Cc1onc(-c2c(Cl)cccc2Cl)c1C(=O)NC1C(=O)N2C1SC(C)(C)C2C(=O)O,2.0,['admetlab2'],Train
CO[C@H]1[C@@H](O)[C@H](N)[C@@H](O[C@H]2O[C@H]([C@H](C)N)CC[C@H]2N)[C@H](O)[C@H]1N(C)C(=O)CN,1.0,['admetlab2'],Train
O=P(O)(O)C(NC1CCCCCC1)P(=O)(O)O,2.0,['admetlab2'],Train
COc1ccc(/C=C\c2cc(OC)c(OC)c(OC)c2)cc1OP(=O)(O)O,5.0,['admetlab2'],Train
CCCCCCCCCC(=O)N[C@H]1[C@H](Oc2c3cc4cc2Oc2ccc(cc2Cl)[C@@H](O[C@@H]2O[C@H](CO)[C@@H](O)[C@H](O)[C@H]2NC(C)=O)C2NC(=O)C(NC(=O)C4NC(=O)C4NC(=O)C(Cc5ccc(c(Cl)c5)O3)NC(=O)C(N)c3ccc(O)c(c3)Oc3cc(O)cc4c3)c3ccc(O)c(c3)-c3c(O[C@H]4O[C@H](CO)[C@@H](O)[C@H](O)[C@@H]4O)cc(O)cc3C(C(=O)O)NC2=O)O[C@H](CO)[C@H](O)[C@@H]1O,0.0,['admetlab2'],Train
C[C@@]1(Cn2ccnn2)C(C(=O)O)N2C(=O)C[C@H]2S1(=O)=O,4.0,['admetlab2'],Train
C[C@@H]1C[C@H]2[C@@H]3CC=C4CC(=O)C=C[C@]4(C)[C@@]3(F)[C@@H](O)C[C@]2(C)[C@@]1(O)C(=O)CO,3.0,['admetlab2'],Train
NC(=O)c1cc[n+](CC2=C(C(=O)O)N3C(=O)C(NC(=O)C(c4ccccc4)S(=O)(=O)[O-])[C@H]3SC2)cc1,1.0,['admetlab2'],Train
CC1C(=O)OC2C(O)C34C5CC(C(C)(C)C)C36C(OC(=O)C6O)OC4(C(=O)O5)C12O,2.0,['admetlab2'],Train
O=C(O)C1CC(C2CCCCC2)CN1C(=O)CP(=O)(O)CCCCc1ccccc1,0.0,['admetlab2'],Train
NC(Cc1ccc(O)c(O)c1)C(=O)O,23.0,['admetlab2'],Train
COP(=O)(c1cc(C)cc(/C=C/C#N)c1)c1c(C(N)=O)[nH]c2ccc(Cl)cc12,1.0,['admetlab2'],Train
NC(=O)C1CC[C@@H]2CN1C(=O)N2OS(=O)(=O)O,2.0,['admetlab2'],Train
COc1ccc(Cc2nccc3cc(OC)c(OC)cc23)cc1OC,11.0,['admetlab2'],Train
CC(=O)NC[C@H]1CN(c2ccc(N3CCOCC3)c(F)c2)C(=O)O1,1.0,['admetlab2'],Train
COP(=O)(c1cc(C)cc(/C=C/C#N)c1)c1c(C(N)=O)[nH]c2ccc(Cl)c(F)c12,1.0,['admetlab2'],Train
C[C@@H]1CN(c2c(F)c(N)c3c(=O)c(C(=O)O)cn(C4CC4)c3c2F)C[C@H](C)N1,2.0,['admetlab2'],Train
Nc1nc(=O)c2c([nH]1)NCC(CNc1ccc(C(=O)NC(CCC(=O)O)C(=O)O)cc1)N2C=O,5.0,['admetlab2'],Train
CCCCC[C@@H](O)CC[C@H]1[C@@H]2Cc3cccc(OCC(=O)O)c3C[C@@H]2C[C@@H]1O,10.0,['admetlab2'],Train
C=C1CC[C@@H]2[C@](C)(COC(=O)CCC(=O)O)[C@H](OC(=O)CCC(=O)O)CC[C@@]2(C)[C@@H]1/C=C/C1=CCOC1=O,2.0,['admetlab2'],Train
CC[C@@H](CO)NCCN[C@@H](CC)CO,10.0,['admetlab2'],Train
CON=C(C(=O)NC1C(=O)N2C(C(=O)O)=C(CSc3nc(=O)c(=O)[nH]n3C)CSC12)c1csc(N)n1,0.0,['admetlab2'],Train
CC1(C)SC2C(NC(=O)COc3ccccc3)C(=O)N2C1C(=O)O,6.0,['admetlab2'],Train
CCN(CC)CCN(Cc1ccc(-c2ccc(C(F)(F)F)cc2)cc1)C(=O)Cn1c(SCc2ccc(F)cc2)nc(=O)c2c1CCC2,4.0,['admetlab2'],Train
CC1C=C2CC(=O)CCC2C2CCC3(C)C(O)CCC3C12,20.0,['admetlab2'],Train
CN1CCCC1c1cccnc1,18.0,['admetlab2'],Train
O=C1CN=C(c2ccccn2)c2cc(Br)ccc2N1,0.0,['admetlab2'],Train
CNC1CC2OC(C)(C1OC)n1c3ccccc3c3c4c(c5c6ccccc6n2c5c31)C(=O)NC4O,0.0,['admetlab2'],Train
COc1c2occc2cc2ccc(=O)oc12,12.0,['admetlab2'],Train
CN(C)C1C(=O)C(C(N)=O)C(=O)C2(O)C(=O)C3C(=O)c4c(O)cccc4C(C)(O)C3C(O)C12,2.0,['admetlab2'],Train
O=C(NC1CCN(CCCCC2(C(=O)NCC(F)(F)F)c3ccccc3-c3ccccc32)CC1)c1ccccc1-c1ccc(C(F)(F)F)cc1,8.0,['admetlab2'],Train
CCOc1ccccc1OCCNC(C)Cc1ccc(OC)c(S(N)(=O)=O)c1,0.0,['admetlab2'],Train
Fc1ccc(C2CCNCC2COc2ccc3c(c2)OCO3)cc1,18.0,['admetlab2'],Train
CC(NC(CCc1ccccc1)C(=O)O)C(=O)N1CCCC1C(=O)O,1.0,['admetlab2'],Train
N#CC(CCN1CCC(C(N)=O)(N2CCCCC2)CC1)(c1ccccc1)c1ccccc1,7.0,['admetlab2'],Train
CC(C)(ON=C(C(=O)NC1C(=O)N2C(C(=O)[O-])=C(C[n+]3ccccc3)CS[C@H]12)c1csc(N)n1)C(=O)O,2.0,['admetlab2'],Train
CN1C(=O)C(O)N=C(c2ccccc2Cl)c2cc(Cl)ccc21,4.0,['admetlab2'],Train
CC(C)(C)NCC(O)COc1nsnc1N1CCOCC1,8.0,['admetlab2'],Train
CON=C(C(=O)NC1C(=O)N2C(C(=O)O)=C(CSc3cnns3)CS[C@H]12)c1csc(N)n1,4.0,['admetlab2'],Train
CCc1cc2c(cc1N1CCC(N3CCOCC3)CC1)C(C)(C)c1[nH]c3cc(C#N)ccc3c1C2=O,7.0,['admetlab2'],Train
CCC(C)C(=O)OC1CC(O)C=C2C=CC(C)C(CCC(O)CC(O)CC(=O)O)C21,14.0,['admetlab2'],Train
CON=C(C(=O)NC1C(=O)N2C(C(=O)[O-])=C(C[N+]3(C)CCCC3)CSC12)c1csc(N)n1,2.0,['admetlab2'],Train
CC(CCc1ccc2c(c1)OCO2)NCC(O)c1ccc(O)c(C(N)=O)c1,16.0,['admetlab2'],Train
Cc1cccc(Nc2ccncc2S(=O)(=O)NC(=O)NC(C)C)c1,0.0,['admetlab2'],Train
C=C1CCC2(O)C3Cc4ccc(O)c5c4C2(CCN3CC2CC2)C1O5,15.0,['admetlab2'],Train
NC1(C(=O)O)CC1,1.0,['admetlab2'],Train
CC(=O)OCC1=C(C(=O)O)N2C(=O)C(NC(=O)Cc3cccs3)C2SC1,1.0,['admetlab2'],Train
CC(C)=c1nc(N(C)S(C)(=O)=O)nc(-c2ccc(F)cc2)c1=CC[C@@H](O)C[C@@H](O)CC(=O)O,11.0,['admetlab2'],Train
CCN(C)C(=O)Oc1cccc(C(C)N(C)C)c1,12.0,['admetlab2'],Train
COC(=O)C1=C(C)N=C(C)C(C(=O)OCCN(C)Cc2ccccc2)C1c1cccc([N+](=O)[O-])c1,11.0,['admetlab2'],Train
CC(C)=CCN1CCC2(C)c3cc(O)ccc3CC1C2C,23.0,['admetlab2'],Trainsmiles_standarized,label,where,Class
CCC(CC)OC1C=C(C(=O)O)CC(N)C1NC(C)=O,4.0,['admetlab2'],Test
CC(=O)OC1=C2C(C)[C@@H](OC(=O)C(O)C(NC(=O)c3ccccc3)c3ccccc3)C[C@@](O)([C@@H](OC(=O)c3ccccc3)[C@@H]3[C@]4(OC(C)=O)CO[C@@H]4C[C@H](O)[C@@]3(C)C1=O)C2(C)C,6.0,['admetlab2'],Test
CC1(C)SC2C(NC(=O)C(N)c3ccccc3)C(=O)N2C1C(=O)O,2.0,['admetlab2'],Test
CCC(C(=O)N1CCCCC1C(=O)O[C@H](CCc1ccc(OC)c(OC)c1)c1cccc(OCC(=O)NCCNC(=O)COc2cccc([C@@H](CCc3ccc(OC)c(OC)c3)OC(=O)C3CCCCN3C(=O)C(CC)c3cc(OC)c(OC)c(OC)c3)c2)c1)c1cc(OC)c(OC)c(OC)c1,6.0,['admetlab2'],Test
CN1[C@@H]2CC(OC(=O)C(CO)c3ccccc3)C[C@H]1[C@@H]1O[C@@H]12,16.0,['admetlab2'],Test
CC1CC(=O)NN=C1c1ccc(NN=C(C#N)C#N)cc1,3.0,['admetlab2'],Test
CC[C@@]1(O)C(=O)OCc2c1cc1n(c2=O)Cc2cc3c(CN(C)C)c(O)ccc3nc2-1,13.0,['admetlab2'],Test
Cc1cn([C@H]2C=C[C@@H](CO)O2)c(=O)[nH]c1=O,8.0,['admetlab2'],Test
N#Cc1ccc2c(c1)CN(S(=O)(=O)c1cccs1)C(Cc1ccccc1)CN2Cc1c[nH]cn1,9.0,['admetlab2'],Test
CNC1C(O)C(NC)C2OC3(O)C(=O)CC(C)OC3OC2C1O,0.0,['admetlab2'],Test
CCCCCCCCCC=CCCC(=O)N=CC(=O)N[C@@H]1[C@@H](O)[C@@H](O)[C@@H](Nc2ncnc3[nH]cnc23)O[C@H]1[C@@H](O)CO,2.0,['admetlab2'],Test
C[N+]1(CC2CC2)CC[C@]23c4c5ccc(O)c4OC2C(=O)CC[C@@]3(O)[C@H]1C5,22.0,['admetlab2'],Test
O=C(c1ccc(F)cc1)C1CCN(CCn2c(=O)[nH]c3ccccc3c2=O)CC1,6.0,['admetlab2'],Test
CC(C)CC1C(=O)N2CCC[C@H]2[C@]2(O)O[C@@](C)(NC(=O)C3C[C@@H]4c5cccc6[nH]cc(c56)C[C@H]4N(C)C3)C(=O)N12,12.0,['admetlab2'],Test
O=C(NC1CC[C@@H](c2cccc(F)c2F)CN(CC(F)(F)F)C1=O)N1CCC(n2c(=O)[nH]c3ncccc32)CC1,5.0,['admetlab2'],Test
NC(C(=O)NC1C(=O)N2C(C(=O)O)=C(CSc3c[nH]nn3)CS[C@H]12)c1ccc(O)cc1,3.0,['admetlab2'],Test
O=C(O)C(Cl)Cl,5.0,['admetlab2'],Test
CC(C(O)(Cn1cncn1)c1ccc(F)cc1F)S(C)(=O)=O,0.0,['admetlab2'],Test
Clc1ccc2nsnc2c1NC1=NCCN1,11.0,['admetlab2'],Test
CCCCCOc1ccc(-c2cc(-c3ccc(C(=O)NC4C[C@@H](O)[C@@H](O)NC(=O)C5[C@@H](O)[C@@H](C)CN5C(=O)C([C@H](O)CC(N)=O)NC(=O)C([C@H](O)[C@@H](O)c5ccc(O)c(OS(=O)(=O)O)c5)NC(=O)C5C[C@@H](O)CN5C(=O)C([C@@H](C)O)NC4=O)cc3)no2)cc1,0.0,['admetlab2'],Test
NC(=O)c1csc([C@@H]2O[C@H](CO)[C@@H](O)[C@H]2O)n1,2.0,['admetlab2'],Test
O=C(O)CCCC[C@H]1CCSS1,13.0,['admetlab2'],Test
O=C1C=CC(=O)c2c1c(O)c1c(NCCNCCO)ccc(NCCNCCO)c1c2O,7.0,['admetlab2'],Test
CN(C)c1cc(CNCC(C)(C)C)c(O)c2c1C[C@H]1C[C@H]3C(N(C)C)C(=O)C(C(N)=O)C(=O)[C@@]3(O)C(=O)C1C2=O,2.0,['admetlab2'],Test
CC1OC(n2cc(F)c(=O)[nH]c2=O)C(O)C1O,11.0,['admetlab2'],Test
NC(C(=O)NC1C(=O)N2C(C(=O)O)=C(CSc3c[nH]nn3)CSC12)c1ccc(O)cc1,3.0,['admetlab2'],Test
O=P(NCCCl)(NCCCl)O[C@@H]1O[C@H](CO)[C@@H](O)[C@H](O)[C@H]1O,1.0,['admetlab2'],Test
Oc1ccc2c3c1OC1C(O)CCC4(O)C(C2)N(CC2CCC2)CCC314,22.0,['admetlab2'],Test
C=Cc1c(C)c2[nH]c1=Cc1[nH]c(c(CCC(=O)OC)c1C)C=c1[nH]c(c(C)c1CCC(=O)O)=CC1=NC(=C3C=CC(C(=O)OC)=C(C(=O)OC)[C@@]13C)C=2,1.0,['admetlab2'],Test
O=C(O)CO,4.0,['admetlab2'],Test
CC(C)(C)NC(=O)C1CC[C@H]2[C@@H]3CC[C@H]4NC(=O)C=C[C@]4(C)[C@H]3CC[C@]12C,2.0,['admetlab2'],Test
Cn1c(=O)c2c(ncn2C)n(C)c1=O,1.0,['admetlab2'],Test
Nc1ccn(C2CCC(CO)O2)c(=O)n1,5.0,['admetlab2'],Test
CCn1cc(C(=O)O)c(=O)c2cc(F)c(N3CCN(C)CC3)cc21,2.0,['admetlab2'],Test
CC(C)(O)c1ccccc1CC[C@@H](SCC1(CC(=O)O)CC1)c1cccc(/C=C/c2ccc3ccc(Cl)cc3n2)c1,0.0,['admetlab2'],Test
CCOC(=O)c1cncn1C(C)c1ccccc1,13.0,['admetlab2'],Test
CCC(C(N)=O)N1CCCC1=O,0.0,['admetlab2'],Test
CC(C)=CCC[C@](C)(O[C@@H]1O[C@H](CO)[C@@H](O)[C@H](O)[C@H]1O)[C@H]1CC[C@]2(C)[C@@H]1[C@H](O)C[C@@H]1[C@@]3(C)CC[C@H](O[C@@H]4O[C@H](CO)[C@@H](O)[C@H](O)[C@H]4O[C@@H]4O[C@H](CO)[C@@H](O)[C@H](O)[C@H]4O)C(C)(C)[C@@H]3CC[C@]12C,0.0,['admetlab2'],Test
C#C[C@]1(O)CC[C@H]2[C@@H]3CC=C4CC(=O)CCC4[C@H]3CC[C@@]21CC,1.0,['admetlab2'],Test
CC(C1=C(CCN(C)C)Cc2ccccc21)c1ccccn1,4.0,['admetlab2'],Test
CCCN1C(C)=C(C(=O)OC)C(c2cccc([N+](=O)[O-])c2)C(C(=O)ON2CCC(c3ccccc3)(c3ccccc3)CC2)=C1C,9.0,['admetlab2'],Test
Nc1nc(=O)c2[nH]cc(Cc3cccnc3)c2[nH]1,6.0,['admetlab2'],Test
Cc1ccccc1C(=O)Nc1ccc(C(=O)N2CCC[C@H](O)c3cc(Cl)ccc32)c(C)c1,2.0,['admetlab2'],Test
CCC(C)C(=O)O[C@H]1C[C@H](O)C=C2C=C[C@H](C)[C@H](CC[C@@H](O)C[C@@H](O)CC(=O)O)[C@H]21,14.0,['admetlab2'],Test
CN[C@@H](C)Cc1ccccc1,4.0,['admetlab2'],Test
NCCCCC(NC1CCc2ccccc2N(CC(=O)O)C1=O)C(=O)O,1.0,['admetlab2'],Test
CCCCc1nc(Cl)c(CO)n1Cc1ccc(-c2ccccc2-c2nn[nH]n2)cc1,8.0,['admetlab2'],Test
CN(C)c1cc(NC(=O)CNC(C)(C)C)c(O)c2c1C[C@H]1C[C@H]3C(N(C)C)C(=O)C(C(N)=O)C(=O)[C@@]3(O)C(=O)C1C2=O,3.0,['admetlab2'],Test
CN[C@@H]1[C@H](O[C@H]2[C@H](O[C@H]3[C@H](O)[C@@H](O)[C@H](N=C(N)N)[C@@H](O)[C@@H]3N=C(N)N)O[C@@H](C)[C@]2(O)C=O)O[C@@H](CO)[C@H](O)[C@H]1O,0.0,['admetlab2'],Test
C[C@H](N)Cc1ccccc1,9.0,['admetlab2'],Test
Nc1n[n+](=O)c2ccccc2n1[O-],8.0,['admetlab2'],Test
CC(C)(O)c1ccccc1CCC(SCC1(CC(=O)O)CC1)c1cccc(/C=C/c2ccc3ccc(Cl)cc3n2)c1,0.0,['admetlab2'],Test
C[C@@H](O)C1C(=O)N2C(C(=O)O)=C(SCCN=CN)C[C@H]12,3.0,['admetlab2'],Test
CCCCCc1cc(O)c2c(c1)OC(C)(C)[C@@H]1CCC(C)=C[C@@H]21,3.0,['admetlab2'],Test
C[C@@H](O)C1C(=O)N2C(C(=O)O)=C(S[C@@H]3CNC(C(=O)Nc4cccc(C(=O)O)c4)C3)[C@H](C)[C@H]12,0.0,['admetlab2'],Test
CON=C(C(=O)NC1C(=O)N2C(C(=O)O)=C(COC(N)=O)CSC12)c1ccco1,2.0,['admetlab2'],Test
C[C@]12CCC(=O)C=C1CC[C@@H]1[C@@H]2[C@@H](O)C[C@@]2(C)[C@H]1CC[C@]2(O)C(=O)CO,5.0,['admetlab2'],Test
COc1ccc(CC2c3cc(OC)c(OC)cc3CC[N+]2(C)CCC(=O)OCCCCCOC(=O)CC[N+]2(C)CCc3cc(OC)c(OC)cc3C2Cc2ccc(OC)c(OC)c2)cc1OC,5.0,['admetlab2'],Test
CC(C(=O)O)c1ccc(N2Cc3ccccc3C2=O)cc1,0.0,['admetlab2'],Test
CC(=O)Nc1c(I)c(NC(C)=O)c(I)c(C(=O)O)c1I,1.0,['admetlab2'],Test
COC1C(=O)C(C)C[C@H](C)/C=C/C=C/C=C(/C)[C@@H](OC)C[C@@H]2CC[C@@H](C)[C@@](O)(O2)C(=O)C(=O)N2CCCCC2C(=O)O[C@H]([C@H](C)C[C@@H]2CC[C@@H](OC(=O)C(C)(CO)CO)[C@H](OC)C2)CC(=O)C(C)=CC(C)[C@H]1O,7.0,['admetlab2'],Test
Cc1ccccc1OCC(O)CNCCOc1ccc(C(N)=O)cc1,14.0,['admetlab2'],Test
CC(C)n1c(/C=C/C(O)CC(O)CC(=O)O)c(-c2ccc(F)cc2)c2ccccc21,16.0,['admetlab2'],Test
C[C@@H](O)C1C(=O)N2C(C(=O)[O-])=C(SC3Cn4cnc[n+]4C3)[C@H](C)[C@H]12,2.0,['admetlab2'],Test
NC(=O)OC[C@@H]1C(=NC(=O)C(NOCC(=O)O)c2csc(N)n2)C(=O)N1S(=O)(=O)O,1.0,['admetlab2'],Test
O=[N+]([O-])OC[C@H](O)CO,3.0,['admetlab2'],Test
CNC1C(O)C(OC2C(N)CC(N)C(OC3OC(CN)=CCC3N)C2O)OCC1(C)O,1.0,['admetlab2'],Test
N=C(N)N1CCC[C@@H](CNC(=O)CC(NS(=O)(=O)c2ccc3ccccc3c2)C(=O)N(CC(=O)O)C2CC2)C1,6.0,['admetlab2'],Test
Fc1ccc([C@@H]2CCNC[C@H]2COc2ccc3c(c2)OCO3)cc1,18.0,['admetlab2'],Test
Nc1nc(C(=NO)C(=O)NC2C(=O)N3C(C(=O)O)=C(C=C4CCN([C@@H]5CCNC5)C4=O)CS[C@H]23)ns1,1.0,['admetlab2'],Test
CC1(C)[C@@H](O[C@H]2OC(C(=O)O)[C@@H](O)[C@H](O)[C@H]2O[C@@H]2OC(C(=O)O)[C@@H](O)[C@H](O)[C@H]2O)CC[C@]2(C)C3C(=O)C=C4C5C[C@@](C)(C(=O)O)CC[C@]5(C)CC[C@]4(C)[C@@]3(C)CC[C@@H]12,0.0,['admetlab2'],Test
CC[C@H](C)C(NC(=O)C(C)NC(=O)C(NC(=O)C(CCC(N)=O)NC(=O)C1CCCN1C(=O)C(Cc1ccccc1)NC(=O)C(NC(=O)C(Cc1c[nH]cn1)NC(=O)C(Cc1ccccc1)NC(=O)C(CCCCN)NC(=O)C(CC(N)=O)NC(=O)C(Cc1ccccc1)NC(=O)C(CC(=O)O)NC(=O)C(CCC(N)=O)NC(=O)C(NC(=O)C(Cc1ccc(O)cc1)NC(=O)C(NC(=O)CNC(=O)C(CC(C)C)NC(=O)C(CCSC)NC(=O)C(CS)NC(=O)C(NC(=O)C(CO)NC(=O)C(CC(C)C)NC(=O)C(CC(N)=O)NC(=O)CNC(=O)C(N)CS)[C@@H](C)O)[C@@H](C)O)[C@@H](C)O)[C@@H](C)O)[C@@H](C)O)C(=O)NCC(=O)NC(C(=O)NCC(=O)NC(C)C(=O)N1CCCC1C(N)=O)C(C)C,10.0,['admetlab2'],Test
CN(C(=O)CO)c1c(I)c(C(=O)NC[C@H](O)CO)c(I)c(C(=O)NC[C@H](O)CO)c1I,1.0,['admetlab2'],Test
CC(=O)OCC1=C(C(=O)O)N2C(=O)C(NC(=O)Cc3cccs3)[C@H]2SC1,1.0,['admetlab2'],Test
CC(C(=O)O)c1ccc2c(c1)[nH]c1ccc(Cl)cc12,0.0,['admetlab2'],Test
C#C[C@]1(OS(=O)(=O)O)CC[C@H]2[C@@H]3CCc4cc(O)ccc4[C@H]3CC[C@@]21C,1.0,['admetlab2'],Test
COc1ccccc1OCCNCC(O)COc1cccc2[nH]c3ccccc3c12,7.0,['admetlab2'],Test
COc1c(N2CCNC(C)C2)c(F)cc2c(=O)c(C(=O)O)cn(C3CC3)c12,2.0,['admetlab2'],Test
CC(=O)N(CC(O)CO)c1c(I)c(C(=O)NCC(O)CO)c(I)c(C(=O)NCC(O)CO)c1I,2.0,['admetlab2'],Test
O=C(O)C1C[C@@H](C2CCCCC2)CN1C(=O)CP(=O)(O)CCCCc1ccccc1,0.0,['admetlab2'],Test
C=CCN1CC[C@]23c4c5ccc(O)c4OC2C(=O)CC[C@@]3(O)[C@H]1C5,23.0,['admetlab2'],Test
O=C(NCC1CCCCN1)c1cc(OCC(F)(F)F)ccc1OCC(F)(F)F,4.0,['admetlab2'],Test
Cc1ncc(CO)c(CO)c1O,7.0,['admetlab2'],Testsmiles_standarized,label,where,Class
Nc1nc(C(=NO)C(=O)NC2C(=O)N3C(C(=O)O)=C(C=C4CCN(C5CCNC5)C4=O)CSC23)ns1,1.0,['admetlab2'],Val
Cc1cc(=O)c2c(O)c3c(O)cc(O)c4c5c(O)cc(O)c6c(=O)c7c(O)cc(CO)c8c1c2c(c34)c(c65)c78,0.0,['admetlab2'],Val
C=CC[N+]1([C@H]2C[C@H]3[C@@H]4CC[C@H]5C[C@H](O)[C@@H](N6CCOCC6)C[C@]5(C)[C@H]4CC[C@]3(C)[C@H]2OC(C)=O)CCCC1,3.0,['admetlab2'],Val
Nc1ccn([C@@H]2CO[C@H](CO)S2)c(=O)n1,3.0,['admetlab2'],Val
COc1cccc2c(O)c3c(c(O)c12)C(=O)C1=C(C[C@@](O)(C(=O)CO)C[C@@H]1O[C@H]1C[C@H](N2CCO[C@H](OC)C2)[C@H](O)[C@H](C)O1)C3=O,15.0,['admetlab2'],Val
CN(C)C1C(=O)C(C(N)=O)C(=O)C2(O)C(=O)C3C(=O)c4c(O)ccc(Cl)c4C(O)C3CC12,1.0,['admetlab2'],Val
CC(=O)NC(Cc1ccc2ccccc2c1)C(=O)NC(Cc1ccc(Cl)cc1)C(=O)NC(Cc1cccnc1)C(=O)NC(CO)C(=O)NC(Cc1ccc(O)cc1)C(=O)NC(CCCNC(N)=O)C(=O)NC(CC(C)C)C(=O)NC(CCCN=C(N)N)C(=O)N1CCCC1C(=O)NC(C)C(N)=O,1.0,['admetlab2'],Val
COC1(NC(=O)Cc2cccs2)C(=O)N2C(C(=O)O)=C(COC(N)=O)CSC21,3.0,['admetlab2'],Val
C#C[C@]1(O)C=C[C@H]2[C@@H]3CC=C4CC(=O)CCC4[C@H]3CC[C@@]21CC,0.0,['admetlab2'],Val
Cc1cccnc1NS(=O)(=O)c1ccc(C#Cc2ccc(O)c(C(=O)O)c2)cc1,0.0,['admetlab2'],Val
NC1[C@H]2CN(c3nc4c(cc3F)c(=O)c(C(=O)O)cn4-c3ccc(F)cc3F)C[C@@H]12,1.0,['admetlab2'],Val
C=CC1=C(C(=O)O)N2C(=O)C(=NC(=O)C(NOCC(=O)O)c3csc(N)n3)C2SC1,1.0,['admetlab2'],Val
CN1CCC23c4c5ccc(O)c4OC2C(OC2OC(C(=O)O)C(O)C(O)C2O)C=CC3C1C5,2.0,['admetlab2'],Val
NC[C@H]1O[C@H](O[C@H]2[C@H](O)[C@@H](O[C@H]3O[C@H](CO)[C@@H](O)[C@H](N)[C@H]3O)[C@H](N)C[C@@H]2N)[C@H](O)[C@@H](O)[C@@H]1O,1.0,['admetlab2'],Val
CCCC=c1ncc(=CC(Cc2cccs2)C(=O)O)n1Cc1ccc(C(=O)O)cc1,1.0,['admetlab2'],Val
CN(C)CCOC(c1ccccc1)c1ccccc1,9.0,['admetlab2'],Val
C=CCN1CCC[C@H]1CNC(=O)c1cc(S(=O)(=O)NC)c(N)cc1OC,5.0,['admetlab2'],Val
N#C[C@H]1CCCN1C(=O)CNC12C[C@@H]3C[C@@H](CC(O)(C3)C1)C2,9.0,['admetlab2'],Val
COC(=O)C(c1ccccc1)C1CCCCN1,4.0,['admetlab2'],Val
CCCCCCCCOCCOC(=O)CN(CC(=O)O)c1ccccc1OCCOc1ccccc1N(CC(=O)O)CC(=O)OCCOCCCCCCCC,14.0,['admetlab2'],Val
CCC#CCC(C)C(O)C#CC1C(O)CC2C/C(=C\COCC(=O)O)CC21,3.0,['admetlab2'],Val
O=C(O)C1=C(C[n+]2ccc(CCS(=O)(=O)O)cc2)CSC2C(NC(=O)C(NC(=O)c3[nH]cnc3C(=O)O)c3ccccc3)C(=O)N12,1.0,['admetlab2'],Val
CCC[C@@H]1CC(C(=O)N[C@@H]([C@H]2O[C@H](SC)[C@H](O)[C@@H](O)[C@H]2O)[C@H](C)Cl)N(C)C1,4.0,['admetlab2'],Val
C[C@@H](O)C1C(=O)N2C(C(=O)O)=C(S[C@H]3CC(C(=O)N4CC[C@H](NC(=O)CN=C(N)N)C4)N(C)C3)[C@H](C)[C@H]12,1.0,['admetlab2'],Val
N=C(CCSCc1csc(N=C(N)N)n1)NS(N)(=O)=O,6.0,['admetlab2'],Val
O=C(NCCO[N+](=O)[O-])c1cccnc1,8.0,['admetlab2'],Val
NCc1ccccc1CC(=O)NC1C(=O)N2C(C(=O)O)=C(CSc3nnnn3CC(=O)O)CSC12,0.0,['admetlab2'],Val
Oc1ccc2c3c1O[C@H]1[C@@H](O)CC[C@@]4(O)[C@@H](C2)N(CC2CCC2)CC[C@]314,22.0,['admetlab2'],Val
CSCC(NC(=O)COc1cccc2cnccc12)C(=O)NC(Cc1ccccc1)C(O)C(=O)N1CSCC1C(=O)NC(C)(C)C,10.0,['admetlab2'],Val
NC(C(=O)O)C1CC(Cl)=NO1,0.0,['admetlab2'],Val
Cc1cnc(NC(=O)C2C(=O)c3ccccc3S(=O)(=O)N2C)s1,0.0,['admetlab2'],Val
N=C(N)NCCCC(NC(=O)C1CCCN1C(=O)C1CSSCCC(=O)NC(Cc2ccc(O)cc2)C(=O)NC(Cc2ccccc2)C(=O)NC(CCC(N)=O)C(=O)NC(CC(N)=O)C(=O)N1)C(=O)NCC(N)=O,1.0,['admetlab2'],Val
CC(C)(C)NC(=O)C1CCC2C3CCC4NC(=O)C=CC4(C)C3CCC12C,2.0,['admetlab2'],Val
COc1ccc([C@@H]2CNC(=O)C2)cc1OC1CCCC1,6.0,['admetlab2'],Val
C#CC1(O)CCC2C3CCc4cc(O)ccc4C3CCC21C,7.0,['admetlab2'],Val
CCNC(C)Cc1cccc(C(F)(F)F)c1,11.0,['admetlab2'],Val
Nc1nc(F)nc2c1ncn2C1OC(COP(=O)(O)O)C(O)C1O,3.0,['admetlab2'],Val
CCN[C@@H](C)Cc1cccc(C(F)(F)F)c1,11.0,['admetlab2'],Val
CON=C(C(=O)NC1C(=O)N2C(C(=O)O)=CCS[C@H]12)c1csc(N)n1,2.0,['admetlab2'],Val
Cc1nc(=O)c(C#N)c(NCc2cccnc2)[nH]1,5.0,['admetlab2'],Val
CC(=O)OC1CC2CCC3C(CCC4(C)C3CC([N+]3(C)CCCCC3)C4OC(C)=O)C2(C)CC1N1CCCCC1,4.0,['admetlab2'],Val
CC(C)CC(NC(=O)C(Cc1c[nH]c2ccccc12)NC(=O)C(Cc1ccc(O)cc1)NC(=O)C(CO)NC(=O)C(Cc1c[nH]c2ccccc12)NC(=O)C(Cc1c[nH]cn1)NC(=O)C1CCC(=O)N1)C(=O)NC(CCCN=C(N)N)C(=O)N1CCCC1C(=O)NCC(N)=O,2.0,['admetlab2'],Val
CCc1[nH]c(=O)[nH]c1C(=O)c1ccncc1,9.0,['admetlab2'],Val
COCCOC(=O)C1=C(C)N=C(C)C(C(=O)OC(C)C)C1c1cccc([N+](=O)[O-])c1,15.0,['admetlab2'],Val
CN(C)CCCN1c2ccccc2CCc2ccccc21,13.0,['admetlab2'],Val
CCNC1CC(N)C(OC2OC(CN)=CCC2N)C(O)C1OC1OCC(C)(O)C(NC)C1O,0.0,['admetlab2'],Val
CO[C@H]1O[C@H](COS(=O)(=O)O)[C@@H](O[C@@H]2OC(C(=O)O)[C@@H](O[C@H]3O[C@H](COS(=O)(=O)O)[C@@H](O[C@@H]4OC(C(=O)O)[C@@H](O[C@H]5O[C@H](COS(=O)(=O)O)[C@@H](O)[C@H](O)[C@H]5NS(=O)(=O)O)[C@H](O)[C@H]4O)[C@H](OS(=O)(=O)O)[C@H]3NS(=O)(=O)O)[C@H](O)[C@H]2OS(=O)(=O)O)[C@H](O)[C@H]1NS(=O)(=O)O,0.0,['admetlab2'],Val
COCC(=O)O[C@]1(CCN(C)CCCc2nc3ccccc3[nH]2)CCc2cc(F)ccc2[C@@H]1C(C)C,4.0,['admetlab2'],Val
CCC(=O)O[C@](Cc1ccccc1)(c1ccccc1)[C@H](C)CN(C)C,15.0,['admetlab2'],Val
CO[C@]1(NC(=O)CSC(F)F)C(=O)N2C(C(=O)O)=C(CSc3nnnn3CCO)CO[C@@H]21,4.0,['admetlab2'],Val
CN(C)c1ccc(O)c2c1C[C@H]1C[C@H]3C(N(C)C)C(=O)C(C(N)=O)C(=O)[C@@]3(O)C(=O)C1C2=O,1.0,['admetlab2'],Val
O=C1c2cccc3c2C(CCC3)CN1C1CN2CCC1CC2,2.0,['admetlab2'],Val
CC(O)C1C(=O)N2C(C(=O)O)=C(SCCN=CN)CC12,3.0,['admetlab2'],Val
Cc1nnc(SCC2=C(C(=O)O)N3C(=O)C(NC(=O)Cn4cnnn4)C3SC2)s1,0.0,['admetlab2'],Val
CCC[S+]([O-])CCCN(CC)C[C@@H](O)COc1ccc(C#N)cc1,11.0,['admetlab2'],Val
O=[N+]([O-])OC1COC2C(O)COC12,2.0,['admetlab2'],Val
COc1ccc([C@@H]2Sc3ccccc3N(CCN(C)C)C(=O)C2OC(C)=O)cc1,13.0,['admetlab2'],Val
CS(=O)(=O)c1cc(F)cc2c3c(n(Cc4ccc(Cl)cc4)c12)[C@@H](CC(=O)O)CC3,1.0,['admetlab2'],Val
N=C(N)NC(=O)Cc1c(Cl)cccc1Cl,4.0,['admetlab2'],Val
CC(=O)OC1CC2CCC3C(CCC4(C)C3CC([N+]3(C)CCCCC3)C4OC(C)=O)C2(C)CC1[N+]1(C)CCCCC1,1.0,['admetlab2'],Val
Cc1nccn1CCC(C(N)=O)(c1ccccc1)c1ccccc1,6.0,['admetlab2'],Val
CC1(C)S[C@@H]2C(NC(=O)C(NC(=O)N3CCN(S(C)(=O)=O)C3=O)c3ccccc3)C(=O)N2C1C(=O)O,2.0,['admetlab2'],Val
COc1cccc(OC)c1C(=O)NC1C(=O)N2C(C(=O)O)C(C)(C)S[C@H]12,6.0,['admetlab2'],Val
CC(OC1OCCN(Cc2n[nH]c(=O)[nH]2)C1c1ccc(F)cc1)c1cc(C(F)(F)F)cc(C(F)(F)F)c1,1.0,['admetlab2'],Val
CCC(=O)OC1(C(=O)SCF)C(C)CC2C3CC(F)C4=CC(=O)C=CC4(C)C3(F)C(O)CC21C,17.0,['admetlab2'],Val
CC(C(=O)O)c1ccc(C(=O)c2cccs2)cc1,0.0,['admetlab2'],Val
CN[C@@H]1[C@@H](O)[C@@H](O[C@@H]2[C@@H](O)[C@H](O[C@H]3O[C@H](CN)[C@@H](O)[C@H](O)[C@H]3O)[C@@H](N)C[C@H]2NC(=O)C(O)CN)OC[C@]1(C)O,1.0,['admetlab2'],Val
Cc1cc(NC(=O)C2C(=O)c3ccccc3S(=O)(=O)N2C)no1,0.0,['admetlab2'],Val
CN(C)CC/C=C1\c2ccccc2COc2ccccc21,14.0,['admetlab2'],Val
N[C@@H](CC(=O)N1CCn2c(nnc2C(F)(F)F)C1)Cc1cc(F)c(F)cc1F,6.0,['admetlab2'],Val
Cc1cccc(C)c1NC(=O)C1CCCCN1C,6.0,['admetlab2'],Val
CCOC(=O)C1(c2ccccc2)CCC=CC1NC,9.0,['admetlab2'],Val
CON=C(C(=O)NC1C(=O)N2C(C(=O)O)=C(C)CS[C@H]12)c1csc(N)n1,1.0,['admetlab2'],Val
NC(=O)CN1CC(O)CC1=O,1.0,['admetlab2'],Val
COCC(=O)Nc1c(I)c(C(=O)NCC(O)CO)c(I)c(C(=O)N(C)CC(O)CO)c1I,1.0,['admetlab2'],Val
COc1cccc2c1c(NS(=O)(=O)c1ccc(Cl)s1)nn2Cc1cccc(CNC(=O)C(C)(C)O)c1,5.0,['admetlab2'],Val
NS(=O)(=O)c1cc(C(=O)O)cc(N2CCCC2)c1Oc1ccccc1,3.0,['admetlab2'],Val
CNCC[C@@H](O)[C@@H]1C[C@H](SC2=C(C(=O)O)N3C(=O)C([C@@H](C)O)[C@H]3[C@H]2C)CN1,2.0,['admetlab2'],Val
COc1c(N2CC3CCCNC3C2)c(F)cc2c(=O)c(C(=O)O)cn(C3CC3)c12,2.0,['admetlab2'],Val
COc1ccnc(C[S+]([O-])c2nc3cc(OC(F)F)ccc3[nH]2)c1OC,2.0,['admetlab2'],Val
COc1cc2c(c(OC)c1OC)-c1ccc(OC)c(=O)cc1[C@@H](NC(C)=O)CC2,2.0,['admetlab2'],Val
CCCC(=O)N1CCCN(c2nc(N)c3cc(OC)c(OC)cc3n2)CC1,4.0,['admetlab2'],Val
COc1nc(C)nc(Cl)c1NC1=NCCN1,11.0,['admetlab2'],Val
C=CCNc1c(O)cc2c(O)c1C=C(C)C[C@H](OC)[C@H](O)[C@@H](C)/C=C(\C)[C@H](OC(N)=O)[C@@H](OC)C=CC=C(C)C(=O)N2,10.0,['admetlab2'],Val